,STATEFP20,COUNTYFP20,TRACTCE20,BLOCKCE20,GEOID20,NAME20,MTFCC20,UR20,UACE20,UATYPE20,FUNCSTAT20,ALAND20,AWATER20,INTPTLAT20,INTPTLON20,HOUSING20,POP20,geometry,len,west_cv,seconds,weight,call_count
3,6,73,12600,1002,060730126001002,Block 1002,G5040,U,78661.0,U,S,104107,0,32.6279724,-117.0932719,310,656,"POLYGON ((-117.095251 32.629345, -117.095177 32.629364, -117.094958 32.629424, -117.094885 32.629446, -117.094711 32.629492, -117.09419 32.629635, -117.094017 32.629683, -117.093996 32.629689, -117.093933 32.629711, -117.093913 32.62972, -117.09383 32.62974, -117.093581 32.629803, -117.093499 32.629824, -117.093327 32.629872, -117.092814 32.630017, -117.092643 32.630066, -117.092373 32.629374, -117.091564 32.627298, -117.091295 32.626607, -117.091363 32.626587, -117.091569 32.626527, -117.091638 32.626508, -117.091669 32.626499, -117.091762 32.626474, -117.091794 32.626466, -117.091838 32.626452, -117.091969 32.626416, -117.092014 32.626404, -117.092122 32.626373, -117.092449 32.626278, -117.092558 32.626249, -117.092714 32.626207, -117.093185 32.626081, -117.093342 32.626041, -117.093454 32.626008, -117.09379 32.625912, -117.093903 32.62588, -117.094136 32.626479, -117.094835 32.628278, -117.095069 32.628878, -117.095105 32.628971, -117.095214 32.62925, -117.095251 32.629345))",15,True,24035.0,0.23086824132863304,1170.0
1928,6,73,12800,3001,060730128003001,Block 3001,G5040,U,78661.0,U,S,61364,0,32.635602,-117.0754272,137,327,"POLYGON ((-117.077713 32.635689, -117.077199 32.635831, -117.07566 32.636259, -117.075147 32.636402, -117.074843 32.636485, -117.073934 32.636738, -117.073631 32.636822, -117.073527 32.636564, -117.073434 32.636334, -117.073231 32.63579, -117.073135 32.635533, -117.07395 32.6353, -117.076394 32.634603, -117.07721 32.634371, -117.07731 32.634634, -117.077612 32.635424, -117.077713 32.635689))",15,True,10607.0,0.17285379049605631,1218.0
1273,6,73,13409,2001,060730134092001,Block 2001,G5040,U,78661.0,U,S,33240,0,32.6374964,-117.0510441,0,1,"POLYGON ((-117.055496 32.640492, -117.055425 32.64051, -117.055283 32.64055, -117.054725 32.640065, -117.054197 32.639633, -117.053796 32.639371, -117.053422 32.639146, -117.052937 32.638856, -117.051954 32.638307, -117.051465 32.638019, -117.05039 32.637393, -117.049603 32.63688, -117.048685 32.63624, -117.048308 32.63594, -117.048003 32.63568, -117.047564 32.63528, -117.046722 32.634414, -117.046777 32.634417, -117.047081 32.634436, -117.047183 32.634442, -117.047752 32.635007, -117.048833 32.635927, -117.049336 32.636314, -117.049813 32.636648, -117.050395 32.637043, -117.05132 32.637637, -117.053042 32.638587, -117.053991 32.639136, -117.05457 32.63952, -117.05494 32.639825, -117.055611 32.640458, -117.055496 32.640492))",15,False,1417.0,0.04262936221419976,1232.0
427,6,73,13424,2000,060730134242000,Block 2000,G5040,U,78661.0,U,S,413046,0,32.6561263,-116.9673781,243,711,"POLYGON ((-116.976295 32.659922, -116.976035 32.660129, -116.975949 32.660189, -116.975774 32.660315, -116.975489 32.660497, -116.975219 32.660651, -116.974885 32.66082, -116.974583 32.660954, -116.974273 32.661074, -116.973971 32.661176, -116.973663 32.661264, -116.972573 32.66153, -116.971387 32.661822, -116.971381 32.661485, -116.971366 32.660477, -116.971363 32.660262, -116.971358 32.659937, -116.971349 32.659323, -116.971346 32.65912, -116.971338 32.65899, -116.971315 32.658602, -116.971308 32.658473, -116.971301 32.658361, -116.971294 32.658236, -116.971288 32.658155, -116.971331 32.658036, -116.971369 32.657932, -116.97148 32.657944, -116.971502 32.657948, -116.971817 32.65795, -116.971841 32.657952, -116.97193 32.657955, -116.971924 32.658006, -116.971939 32.658155, -116.971945 32.658206, -116.971955 32.658305, -116.971975 32.658338, -116.972009 32.658363, -116.972052 32.658374, -116.972096 32.658371, -116.972125 32.658359, -116.972646 32.658202, -116.972665 32.658194, -116.972797 32.658144, -116.972866 32.658112, -116.972963 32.658067, -116.973124 32.657998, -116.97322 32.65796, -116.973256 32.657927, -116.973272 32.657887, -116.97327 32.657847, -116.973257 32.657819, -116.973059 32.657516, -116.97295 32.657328, -116.972879 32.657204, -116.972814 32.657082, -116.972712 32.656879, -116.972698 32.656847, -116.972656 32.656756, -116.972613 32.656708, -116.972561 32.656674, -116.972499 32.656652, -116.972437 32.656644, -116.97201 32.656641, -116.97175 32.656641, -116.971635 32.656641, -116.971341 32.656641, -116.971295 32.656657, -116.971259 32.656687, -116.971239 32.656723, -116.971235 32.656749, -116.970052 32.65686, -116.969095 32.656951, -116.966506 32.657207, -116.965325 32.657325, -116.965308 32.657297, -116.96524 32.657205, -116.965213 32.657176, -116.965171 32.657131, -116.96513 32.657086, -116.965019 32.656991, -116.964898 32.656907, -116.964776 32.65684, -116.964749 32.656826, -116.964688 32.656798, -116.964606 32.656768, -116.9645 32.656732, -116.964426 32.656713, -116.964341 32.656697, -116.964302 32.656689, -116.964207 32.656677, -116.964176 32.656674, -116.964105 32.656671, -116.964048 32.656668, -116.963996 32.656667, -116.96367 32.656664, -116.963562 32.656664, -116.963375 32.656663, -116.963348 32.656663, -116.962815 32.656677, -116.96276 32.656679, -116.962629 32.656676, -116.962492 32.656661, -116.962481 32.656661, -116.962084 32.656595, -116.961949 32.656573, -116.961978 32.65643, -116.961988 32.656343, -116.962028 32.656025, -116.96204 32.655833, -116.962043 32.655751, -116.962046 32.655647, -116.962053 32.655415, -116.962218 32.655418, -116.963198 32.655434, -116.96405 32.655449, -116.964603 32.655449, -116.96509 32.655434, -116.965576 32.655403, -116.966628 32.655304, -116.967769 32.655197, -116.96771 32.654877, -116.967704 32.654844, -116.967694 32.654664, -116.967703 32.654439, -116.967733 32.654232, -116.967778 32.654039, -116.967817 32.653919, -116.967838 32.653856, -116.967906 32.653696, -116.967948 32.653624, -116.968046 32.65344, -116.968342 32.652892, -116.968441 32.652709, -116.968684 32.652799, -116.968913 32.65287, -116.968947 32.652878, -116.969147 32.652928, -116.969416 32.652979, -116.969657 32.65301, -116.969932 32.65303, -116.970176 32.653033, -116.970403 32.653025, -116.970537 32.653013, -116.970656 32.653003, -116.970917 32.652965, -116.971066 32.652934, -116.97117 32.652913, -116.971471 32.65284, -116.972307 32.655261, -116.972363 32.655412, -116.972822 32.656357, -116.973025 32.656725, -116.973429 32.657317, -116.974482 32.658288, -116.976051 32.659542, -116.976427 32.659805, -116.976295 32.659922), (-116.972458 32.660526, -116.972389 32.660278, -116.97187 32.660439, -116.972076 32.660885, -116.972549 32.660736, -116.972458 32.660526))",15,False,2839.0,0.006873326457585838,1243.0
1668,6,73,13319,2026,060730133192026,Block 2026,G5040,U,78661.0,U,S,32566,0,32.6203119,-116.9663194,43,100,"POLYGON ((-116.967462 32.61986, -116.967346 32.620314, -116.967319 32.62106, -116.965218 32.621034, -116.965227 32.619576, -116.965337 32.619646, -116.966262 32.61963, -116.966359 32.619559, -116.966735 32.619554, -116.967228 32.619567, -116.967548 32.619661, -116.967462 32.61986))",15,False,6249.0,0.19188724436528895,1274.0
1010,6,73,12502,1000,060730125021000,Block 1000,G5040,U,78661.0,U,S,199735,0,32.6418278,-117.0996435,577,1500,"POLYGON ((-117.101008 32.646904, -117.100514 32.647046, -117.099431 32.647347, -117.098197 32.647692, -117.096342 32.64822, -117.096186 32.648254, -117.096178 32.648234, -117.096155 32.648173, -117.096148 32.648154, -117.096088 32.647999, -117.095909 32.647534, -117.09585 32.647379, -117.096039 32.647326, -117.096606 32.647173, -117.096796 32.647123, -117.096882 32.647098, -117.097143 32.647025, -117.09723 32.647001, -117.09749 32.646926, -117.098271 32.646703, -117.098532 32.64663, -117.098811 32.646552, -117.099614 32.646331, -117.099647 32.646312, -117.099669 32.646301, -117.099714 32.646262, -117.099746 32.646214, -117.099765 32.646162, -117.099768 32.646107, -117.099761 32.646069, -117.099679 32.645851, -117.099436 32.645197, -117.099355 32.64498, -117.099256 32.644716, -117.098959 32.643926, -117.098861 32.643664, -117.098838 32.643603, -117.09877 32.643423, -117.098748 32.643363, -117.098734 32.643327, -117.098695 32.643223, -117.098682 32.643188, -117.098667 32.643149, -117.098622 32.643031, -117.098608 32.642993, -117.098577 32.642913, -117.098484 32.642674, -117.098454 32.642595, -117.098404 32.64246, -117.098316 32.642227, -117.098254 32.64206, -117.098248 32.642044, -117.098238 32.642004, -117.098209 32.641972, -117.098172 32.641954, -117.098135 32.641939, -117.098087 32.641939, -117.097975 32.64197, -117.097388 32.642138, -117.097193 32.642194, -117.096997 32.642246, -117.096413 32.642408, -117.096218 32.642462, -117.096148 32.64228, -117.095938 32.641737, -117.095868 32.641558, -117.095854 32.641523, -117.095815 32.641422, -117.095802 32.641388, -117.095751 32.641258, -117.095599 32.640867, -117.095549 32.640738, -117.095834 32.640656, -117.096605 32.640439, -117.096692 32.640414, -117.096979 32.640336, -117.09709 32.640304, -117.097426 32.640213, -117.097538 32.640183, -117.097786 32.640115, -117.098118 32.640025, -117.09853 32.639901, -117.098778 32.639828, -117.098881 32.639797, -117.09895 32.639777, -117.099193 32.639713, -117.099247 32.639699, -117.099298 32.639686, -117.099577 32.640403, -117.100206 32.642017, -117.100326 32.642347, -117.100388 32.642563, -117.100429 32.642705, -117.100503 32.643171, -117.100523 32.64332, -117.10061 32.64397, -117.10067 32.644412, -117.100846 32.645926, -117.100864 32.646079, -117.100951 32.646574, -117.100973 32.646703, -117.101008 32.646904))",15,True,45516.0,0.2278819435752372,1309.0
1084,6,73,13102,3003,060730131023003,Block 3003,G5040,U,78661.0,U,S,162641,0,32.611389,-117.0704646,523,1347,"POLYGON ((-117.073177 32.612547, -117.072716 32.612675, -117.071337 32.613062, -117.070877 32.613192, -117.070524 32.61329, -117.069467 32.613585, -117.069115 32.613685, -117.069041 32.613506, -117.068822 32.612969, -117.068769 32.612838, -117.068756 32.612788, -117.06869 32.612626, -117.068492 32.612141, -117.068427 32.61198, -117.068412 32.611942, -117.068369 32.611828, -117.068355 32.611791, -117.068251 32.611516, -117.068237 32.61148, -117.067875 32.610551, -117.067755 32.610242, -117.067904 32.610197, -117.068353 32.610062, -117.068503 32.610019, -117.068592 32.609994, -117.06886 32.609918, -117.06895 32.609895, -117.069051 32.609865, -117.069355 32.60978, -117.069457 32.609754, -117.06953 32.609733, -117.069748 32.609673, -117.069822 32.609653, -117.069908 32.609628, -117.070027 32.609596, -117.070169 32.609555, -117.070256 32.609532, -117.070377 32.609498, -117.070742 32.609395, -117.070864 32.609363, -117.071055 32.609309, -117.071628 32.609149, -117.07182 32.609096, -117.071924 32.609355, -117.072239 32.610132, -117.072345 32.610392, -117.072369 32.610456, -117.072443 32.610655, -117.072468 32.610721, -117.072508 32.610826, -117.07263 32.611142, -117.072671 32.611248, -117.072772 32.611507, -117.073075 32.612287, -117.073177 32.612547))",15,True,63305.0,0.3892314975928579,1440.0
373,6,73,13103,2002,060730131032002,Block 2002,G5040,U,78661.0,U,S,40234,0,32.6125536,-117.083386,71,271,"POLYGON ((-117.08474 32.613129, -117.084334 32.613241, -117.083247 32.613543, -117.083119 32.613584, -117.082719 32.613714, -117.082629 32.613484, -117.082359 32.612797, -117.08227 32.612569, -117.082222 32.612451, -117.082081 32.612101, -117.082062 32.612045, -117.082047 32.61201, -117.082031 32.611973, -117.08224 32.611925, -117.082571 32.611835, -117.082858 32.611745, -117.083063 32.611684, -117.083265 32.611629, -117.083871 32.611469, -117.08407 32.611409, -117.084075 32.611423, -117.084204 32.611765, -117.084411 32.612312, -117.084603 32.612789, -117.08474 32.613129))",15,True,8373.0,0.20810757071133867,1536.0
1082,6,73,13103,1000,060730131031000,Block 1000,G5040,U,78661.0,U,S,309509,0,32.6087779,-117.0888996,313,1177,"POLYGON ((-117.091113 32.61519, -117.091053 32.615205, -117.091009 32.615218, -117.090975 32.615228, -117.090936 32.615238, -117.090775 32.615279, -117.090296 32.615403, -117.090136 32.615445, -117.090086 32.615459, -117.089936 32.615505, -117.089887 32.61552, -117.089621 32.614828, -117.08887 32.612869, -117.088825 32.612752, -117.08856 32.612061, -117.088607 32.612048, -117.088747 32.612011, -117.088795 32.611999, -117.088708 32.611776, -117.088448 32.611108, -117.088362 32.610886, -117.088218 32.610522, -117.087788 32.60943, -117.087645 32.609067, -117.087604 32.608964, -117.087549 32.608824, -117.087494 32.608683, -117.087483 32.608656, -117.087444 32.608554, -117.08731 32.608216, -117.08691 32.607202, -117.086777 32.606864, -117.086636 32.606507, -117.086519 32.60621, -117.086477 32.606103, -117.086304 32.605661, -117.086218 32.605441, -117.086079 32.605086, -117.085987 32.60485, -117.085833 32.604456, -117.085705 32.604146, -117.08561 32.603913, -117.085836 32.60394, -117.086169 32.60398, -117.086517 32.604016, -117.086745 32.60404, -117.087003 32.604066, -117.08778 32.604143, -117.088039 32.604171, -117.088145 32.60418, -117.088465 32.604211, -117.088572 32.604223, -117.088794 32.604244, -117.088887 32.604253, -117.089027 32.604269, -117.089084 32.604274, -117.08946 32.604312, -117.089683 32.604336, -117.089737 32.60434, -117.08982 32.60435, -117.089848 32.604352, -117.090023 32.605914, -117.090029 32.605946, -117.090109 32.606536, -117.090327 32.608346, -117.090339 32.608452, -117.090346 32.608504, -117.090364 32.60866, -117.090371 32.608713, -117.090378 32.608816, -117.0904 32.609125, -117.090408 32.609229, -117.090925 32.613479, -117.091087 32.61495, -117.091113 32.61519))",15,True,42919.0,0.1386680193467718,1589.0
1112,6,73,12502,2000,060730125022000,Block 2000,G5040,U,78661.0,U,S,160737,0,32.6390209,-117.0948457,609,1563,"POLYGON ((-117.097538 32.640183, -117.097426 32.640213, -117.09709 32.640304, -117.096979 32.640336, -117.096692 32.640414, -117.096605 32.640439, -117.095834 32.640656, -117.095549 32.640738, -117.095139 32.640853, -117.09464 32.640993, -117.094395 32.641062, -117.094043 32.641161, -117.093913 32.641199, -117.093504 32.641316, -117.093365 32.64097, -117.093245 32.640669, -117.092957 32.639932, -117.092822 32.639586, -117.092492 32.638695, -117.092467 32.638633, -117.092393 32.638449, -117.092369 32.638388, -117.092328 32.638281, -117.092206 32.637963, -117.092166 32.637859, -117.09297 32.637632, -117.094994 32.637064, -117.095385 32.636951, -117.096189 32.636721, -117.09626 32.636906, -117.096473 32.637462, -117.096546 32.637647, -117.096612 32.637814, -117.096811 32.638318, -117.096862 32.638448, -117.096873 32.638489, -117.096973 32.638739, -117.097192 32.639311, -117.097264 32.639494, -117.097364 32.639745, -117.097398 32.639832, -117.097503 32.640095, -117.097538 32.640183))",15,True,83036.0,0.5165954322900141,1646.0
1586,6,73,12502,2001,060730125022001,Block 2001,G5040,U,78661.0,U,S,70253,0,32.638208,-117.0977416,1,21,"POLYGON ((-117.099247 32.639699, -117.099193 32.639713, -117.09895 32.639777, -117.098881 32.639797, -117.098778 32.639828, -117.09853 32.639901, -117.098118 32.640025, -117.097786 32.640115, -117.097538 32.640183, -117.097503 32.640095, -117.097398 32.639832, -117.097364 32.639745, -117.097264 32.639494, -117.097192 32.639311, -117.096973 32.638739, -117.096873 32.638489, -117.096862 32.638448, -117.096811 32.638318, -117.096612 32.637814, -117.096546 32.637647, -117.096473 32.637462, -117.09626 32.636906, -117.096189 32.636721, -117.096542 32.636628, -117.096649 32.6366, -117.097596 32.636328, -117.097948 32.636228, -117.097948 32.636239, -117.098214 32.63692, -117.098373 32.637325, -117.099027 32.638993, -117.099298 32.639686, -117.099247 32.639699))",15,True,44718.0,0.6365279774529201,2258.0
367,6,73,13103,2011,060730131032011,Block 2011,G5040,U,78661.0,U,S,240386,0,32.607625,-117.0836725,0,9,"POLYGON ((-117.08723 32.608618, -117.087105 32.608654, -117.086732 32.608766, -117.086608 32.608804, -117.086385 32.60886, -117.086074 32.608942, -117.08572 32.609051, -117.085501 32.609119, -117.085288 32.609174, -117.08497 32.609257, -117.08465 32.609343, -117.084438 32.609401, -117.084226 32.609462, -117.083907 32.609559, -117.083589 32.609641, -117.083376 32.609697, -117.08318 32.609751, -117.082593 32.609915, -117.082398 32.60997, -117.082194 32.610024, -117.081902 32.610103, -117.081583 32.610193, -117.081381 32.610252, -117.081104 32.609566, -117.080274 32.607508, -117.079998 32.606823, -117.081173 32.606491, -117.082431 32.606137, -117.084701 32.605497, -117.085487 32.605276, -117.085424 32.60504, -117.085147 32.60458, -117.084965 32.604208, -117.084945 32.603844, -117.085118 32.603862, -117.085263 32.603877, -117.085383 32.60389, -117.08548 32.604141, -117.085774 32.604895, -117.085872 32.605147, -117.086142 32.60584, -117.086953 32.607926, -117.087212 32.608592, -117.08723 32.608618))",15,True,98694.0,0.41056467514747114,2339.0
1585,6,73,12600,1004,060730126001004,Block 1004,G5040,U,78661.0,U,S,95482,0,32.6288928,-117.0899708,88,264,"POLYGON ((-117.091685 32.630328, -117.091206 32.630463, -117.091046 32.630509, -117.090727 32.630595, -117.089773 32.63086, -117.089456 32.630948, -117.089178 32.630263, -117.089096 32.63006, -117.088637 32.628901, -117.088368 32.628203, -117.088104 32.627514, -117.088322 32.627449, -117.088977 32.627256, -117.089196 32.627193, -117.0893 32.627164, -117.089612 32.62708, -117.089717 32.627052, -117.089874 32.627009, -117.090347 32.62688, -117.090505 32.626838, -117.090769 32.627527, -117.091105 32.628401, -117.091575 32.629595, -117.091846 32.630283, -117.091685 32.630328))",15,True,25859.0,0.27082591483211493,2358.0
1920,6,73,12700,3000,060730127003000,Block 3000,G5040,U,78661.0,U,S,121839,0,32.6382813,-117.0855165,363,837,"POLYGON ((-117.088058 32.639014, -117.087241 32.639235, -117.086972 32.63931, -117.086512 32.639442, -117.086169 32.639535, -117.085971 32.639597, -117.084795 32.63991, -117.084656 32.639949, -117.083982 32.640144, -117.083914 32.639975, -117.083713 32.63947, -117.083646 32.639302, -117.083581 32.639128, -117.083387 32.638607, -117.083353 32.638515, -117.083321 32.638435, -117.08325 32.638258, -117.08304 32.637729, -117.08297 32.637553, -117.083277 32.637468, -117.084201 32.637214, -117.084509 32.63713, -117.084714 32.637071, -117.08533 32.636896, -117.085536 32.63684, -117.085699 32.636792, -117.086191 32.636654, -117.086355 32.636609, -117.086493 32.636571, -117.08691 32.636459, -117.087049 32.636423, -117.087185 32.63677, -117.087594 32.637811, -117.087731 32.638158, -117.087796 32.638329, -117.087992 32.638841, -117.088058 32.639014))",15,True,73782.0,0.6055696451875016,2384.0
1111,6,73,12501,1000,060730125011000,Block 1000,G5040,U,78661.0,U,S,230526,0,32.6353203,-117.0943743,839,1802,"POLYGON ((-117.097948 32.636228, -117.097596 32.636328, -117.096649 32.6366, -117.096542 32.636628, -117.096189 32.636721, -117.095385 32.636951, -117.094994 32.637064, -117.09297 32.637632, -117.092166 32.637859, -117.092085 32.637658, -117.091886 32.637165, -117.091844 32.637057, -117.091766 32.636856, -117.091732 32.636767, -117.091667 32.636598, -117.091633 32.636507, -117.0916 32.63642, -117.09159 32.636395, -117.091562 32.636325, -117.091553 32.636302, -117.091545 32.63628, -117.091521 32.636218, -117.091513 32.636198, -117.091503 32.636173, -117.091489 32.636139, -117.091475 32.636103, -117.091466 32.63608, -117.091402 32.635917, -117.091213 32.635432, -117.09115 32.635271, -117.091082 32.635098, -117.090878 32.634582, -117.090811 32.63441, -117.091191 32.6343, -117.092126 32.63403, -117.092333 32.633972, -117.092715 32.633867, -117.092864 32.633826, -117.092932 32.633808, -117.093311 32.633702, -117.093461 32.633661, -117.093536 32.63364, -117.09376 32.633577, -117.093836 32.633557, -117.093937 32.633528, -117.09424 32.63344, -117.094342 32.633413, -117.094455 32.633381, -117.094795 32.633285, -117.094909 32.633254, -117.094975 32.633235, -117.095175 32.633178, -117.095242 32.63316, -117.09529 32.633145, -117.095433 32.633103, -117.095482 32.633089, -117.095554 32.633068, -117.095772 32.633004, -117.095845 32.632985, -117.095886 32.632973, -117.09601 32.632937, -117.096052 32.632926, -117.096156 32.632896, -117.09647 32.632809, -117.096575 32.632781, -117.096614 32.63288, -117.096733 32.633177, -117.096773 32.633277, -117.096839 32.633443, -117.097038 32.633944, -117.097105 32.634111, -117.097273 32.634534, -117.097779 32.635804, -117.097948 32.636228))",15,True,72887.0,0.3161769171373294,2434.0
691,6,73,13323,2000,060730133232000,Block 2000,G5040,U,78661.0,U,S,396437,0,32.6360017,-116.9856798,304,1015,"POLYGON ((-116.990459 32.638828, -116.990094 32.639009, -116.98985 32.639118, -116.989736 32.63917, -116.989326 32.639337, -116.989219 32.639377, -116.988802 32.639548, -116.988361 32.639731, -116.987978 32.63989, -116.987355 32.640149, -116.98659 32.640464, -116.985052 32.641099, -116.984626 32.639999, -116.984582 32.6399, -116.984563 32.639832, -116.984527 32.639714, -116.984424 32.639445, -116.984258 32.639033, -116.984139 32.638673, -116.984068 32.638653, -116.984044 32.638637, -116.983993 32.638606, -116.983953 32.638562, -116.983937 32.638523, -116.983933 32.638479, -116.983945 32.638317, -116.983941 32.638249, -116.983921 32.638194, -116.983866 32.638131, -116.983846 32.638079, -116.983842 32.638008, -116.983823 32.637945, -116.983787 32.637858, -116.98368 32.637616, -116.983609 32.637462, -116.983546 32.637308, -116.983514 32.637193, -116.983458 32.636987, -116.983435 32.636912, -116.983407 32.636853, -116.983356 32.636789, -116.983324 32.636726, -116.98328 32.636639, -116.983241 32.636524, -116.983193 32.63633, -116.983102 32.636065, -116.983023 32.635891, -116.982944 32.635744, -116.982897 32.63561, -116.982853 32.635531, -116.982813 32.635503, -116.982746 32.635487, -116.982691 32.635471, -116.982675 32.635456, -116.982655 32.635408, -116.982655 32.635333, -116.982675 32.63527, -116.982695 32.635218, -116.982703 32.635159, -116.982691 32.63508, -116.982649 32.634975, -116.982627 32.634917, -116.982568 32.634767, -116.982323 32.634074, -116.982069 32.633319, -116.982042 32.633192, -116.98199 32.63303, -116.981951 32.632958, -116.981828 32.632848, -116.981808 32.632808, -116.981788 32.632693, -116.981777 32.632622, -116.981777 32.632555, -116.981788 32.632507, -116.981844 32.632404, -116.981939 32.632309, -116.982398 32.632112, -116.982434 32.631949, -116.982491 32.631534, -116.982646 32.631559, -116.983183 32.631641, -116.984794 32.631889, -116.985331 32.631972, -116.985882 32.632056, -116.987535 32.632311, -116.988086 32.632396, -116.98795 32.633037, -116.987904 32.633322, -116.987875 32.633609, -116.987866 32.633823, -116.987864 32.633888, -116.987871 32.634184, -116.987896 32.634471, -116.987939 32.634757, -116.987997 32.635031, -116.988077 32.63532, -116.988154 32.63555, -116.988283 32.635868, -116.988412 32.636135, -116.988556 32.636395, -116.988717 32.636649, -116.988893 32.636895, -116.989541 32.63771, -116.99022 32.638564, -116.990241 32.638591, -116.990459 32.638828), (-116.98832 32.637591, -116.988113 32.637286, -116.988044 32.637184, -116.987974 32.637081, -116.987765 32.636772, -116.987696 32.63667, -116.987628 32.636571, -116.987427 32.636277, -116.987401 32.636239, -116.987362 32.63621, -116.98734 32.636201, -116.987294 32.63619, -116.987243 32.636191, -116.987027 32.636249, -116.986097 32.636508, -116.985788 32.636594, -116.985821 32.63668, -116.985923 32.636938, -116.985957 32.637025, -116.985592 32.637127, -116.984971 32.637302, -116.984816 32.637361, -116.984669 32.637434, -116.984542 32.637512, -116.984531 32.637518, -116.984286 32.637688, -116.984255 32.637729, -116.984245 32.637757, -116.984242 32.637783, -116.98425 32.637829, -116.984308 32.637917, -116.984602 32.638365, -116.9847 32.638516, -116.984728 32.638504, -116.98487 32.638433, -116.985003 32.638351, -116.985404 32.638107, -116.985526 32.638046, -116.98568 32.637984, -116.985932 32.637909, -116.986264 32.637813, -116.986326 32.637971, -116.986513 32.638452, -116.986576 32.638612, -116.986664 32.638568, -116.986928 32.638443, -116.987011 32.638391, -116.987132 32.638295, -116.987452 32.638048, -116.987501 32.638018, -116.987529 32.638002, -116.987641 32.637954, -116.987788 32.637895, -116.987939 32.637839, -116.988238 32.637743, -116.988389 32.637695, -116.98832 32.637591), (-116.987126 32.635306, -116.987111 32.635268, -116.986971 32.634901, -116.986968 32.634891, -116.986938 32.634775, -116.986906 32.634641, -116.986812 32.634242, -116.986805 32.634209, -116.986782 32.634173, -116.986745 32.634142, -116.986735 32.634137, -116.986684 32.63412, -116.986627 32.634118, -116.986598 32.634124, -116.986478 32.634157, -116.985715 32.634369, -116.985461 32.634442, -116.985513 32.634576, -116.985671 32.63498, -116.985724 32.635115, -116.985772 32.635239, -116.985919 32.63561, -116.985932 32.635644, -116.985965 32.635681, -116.986007 32.635706, -116.986051 32.635718, -116.986108 32.635718, -116.986233 32.635682, -116.986908 32.635494, -116.987032 32.63546, -116.987079 32.635433, -116.987112 32.635394, -116.987127 32.635355, -116.987126 32.635306), (-116.987088 32.632975, -116.987081 32.632951, -116.987054 32.632912, -116.987016 32.632884, -116.986978 32.632868, -116.986479 32.632741, -116.985814 32.632552, -116.985781 32.632547, -116.985747 32.632549, -116.985707 32.63256, -116.985671 32.632578, -116.98564 32.632606, -116.985624 32.632629, -116.985615 32.632654, -116.985544 32.632986, -116.985538 32.633016, -116.985423 32.633553, -116.985427 32.633591, -116.985438 32.633614, -116.985458 32.633644, -116.985478 32.633662, -116.985526 32.633687, -116.985565 32.633693, -116.985581 32.633696, -116.985638 32.633689, -116.986018 32.633575, -116.986169 32.633532, -116.986271 32.633501, -116.986409 32.633461, -116.986577 32.633411, -116.986679 32.633381, -116.986817 32.63334, -116.986856 32.63332, -116.986899 32.633289, -116.986935 32.633252, -116.987069 32.633069, -116.98709 32.633018, -116.987088 32.632975))",15,False,8745.0,0.022058990457500184,2591.0
1196,6,73,13103,2012,060730131032012,Block 2012,G5040,U,78661.0,U,S,156980,0,32.6048422,-117.0818311,3,21,"POLYGON ((-117.085487 32.605276, -117.084701 32.605497, -117.082431 32.606137, -117.081173 32.606491, -117.079998 32.606823, -117.07993 32.606648, -117.079729 32.606129, -117.079662 32.605956, -117.079591 32.605772, -117.079585 32.605757, -117.079386 32.60522, -117.079318 32.605036, -117.079255 32.604883, -117.079068 32.604425, -117.079006 32.604274, -117.078993 32.604242, -117.078955 32.604146, -117.078943 32.604115, -117.078925 32.60407, -117.078871 32.603937, -117.078853 32.603893, -117.078811 32.603786, -117.078685 32.603467, -117.078644 32.603361, -117.078843 32.603315, -117.078988 32.603301, -117.079118 32.603304, -117.079247 32.60332, -117.079588 32.603355, -117.079995 32.603398, -117.081438 32.603537, -117.082434 32.603627, -117.083384 32.603714, -117.083518 32.603726, -117.083924 32.603749, -117.08406 32.603759, -117.08421 32.603769, -117.084324 32.60378, -117.084945 32.603844, -117.084965 32.604208, -117.085147 32.60458, -117.085424 32.60504, -117.085487 32.605276))",15,True,117418.0,0.7479806344757294,2714.0
1317,6,73,13414,4005,060730134144005,Block 4005,G5040,U,78661.0,U,S,56189,0,32.6299216,-117.0195071,68,240,"POLYGON ((-117.021326 32.630478, -117.021148 32.630502, -117.020616 32.630581, -117.020439 32.630607, -117.020106 32.630654, -117.019109 32.6308, -117.018826 32.630842, -117.018777 32.630849, -117.018574 32.630876, -117.018504 32.630886, -117.018213 32.630908, -117.017964 32.630913, -117.01793 32.630914, -117.01776 32.63091, -117.017777 32.630741, -117.017828 32.630235, -117.017831 32.630215, -117.017853 32.630089, -117.017857 32.630068, -117.017908 32.629875, -117.017975 32.629684, -117.018055 32.629504, -117.018127 32.629369, -117.01815 32.629329, -117.018251 32.629157, -117.018378 32.629198, -117.018464 32.629215, -117.018517 32.629226, -117.018662 32.629238, -117.018776 32.629236, -117.018881 32.629225, -117.019023 32.629196, -117.019119 32.629165, -117.01933 32.629097, -117.01951 32.629042, -117.02005 32.628881, -117.020091 32.628869, -117.020234 32.628842, -117.02029 32.628833, -117.020385 32.628825, -117.020436 32.628821, -117.020582 32.628826, -117.020841 32.628864, -117.020994 32.628881, -117.02096 32.629046, -117.020957 32.62906, -117.02094 32.629159, -117.020935 32.629297, -117.020948 32.62942, -117.020972 32.629528, -117.021 32.629598, -117.021051 32.629721, -117.02107 32.629768, -117.021131 32.629906, -117.02122 32.630107, -117.021257 32.630227, -117.021285 32.630332, -117.021326 32.630478))",15,False,1708.0,0.03039740874548399,2731.0
1078,6,73,13205,1000,060730132051000,Block 1000,G5040,U,78661.0,U,S,354830,0,32.6010064,-117.081135,320,996,"POLYGON ((-117.085263 32.603877, -117.085118 32.603862, -117.084945 32.603844, -117.084324 32.60378, -117.08421 32.603769, -117.08406 32.603759, -117.083924 32.603749, -117.083518 32.603726, -117.083384 32.603714, -117.082434 32.603627, -117.081438 32.603537, -117.079995 32.603398, -117.079588 32.603355, -117.079247 32.60332, -117.079118 32.603304, -117.078988 32.603301, -117.078843 32.603315, -117.078644 32.603361, -117.078563 32.603157, -117.078387 32.602706, -117.078323 32.602545, -117.078244 32.602341, -117.078113 32.602007, -117.077782 32.601158, -117.077722 32.601005, -117.077626 32.600759, -117.077592 32.600672, -117.077492 32.600417, -117.077192 32.599654, -117.077093 32.5994, -117.077021 32.599218, -117.076808 32.598672, -117.076737 32.59849, -117.07682 32.598489, -117.077069 32.598487, -117.077153 32.598487, -117.077253 32.598489, -117.077553 32.598495, -117.077653 32.598497, -117.078117 32.598497, -117.078802 32.598498, -117.079509 32.598491, -117.079974 32.598487, -117.080244 32.598487, -117.081054 32.598488, -117.081325 32.598489, -117.081835 32.59849, -117.082228 32.598491, -117.083114 32.59851, -117.083364 32.598509, -117.083875 32.598513, -117.083878 32.598589, -117.083927 32.598948, -117.083998 32.599466, -117.084152 32.600243, -117.084167 32.600317, -117.084252 32.600671, -117.084387 32.601228, -117.084425 32.601329, -117.085143 32.60325, -117.085383 32.60389, -117.085263 32.603877))",15,True,70295.0,0.19810895358340613,2856.0
340,6,73,13321,4002,060730133214002,Block 4002,G5040,U,78661.0,U,S,18855,0,32.629657,-116.9486245,28,133,"POLYGON ((-116.9496 32.630338, -116.949579 32.630378, -116.949538 32.630419, -116.949213 32.630609, -116.949088 32.630683, -116.949041 32.630696, -116.948983 32.630696, -116.948928 32.63068, -116.948887 32.630653, -116.948866 32.630631, -116.948725 32.63045, -116.947857 32.629331, -116.94783 32.629296, -116.947683 32.629086, -116.947592 32.628942, -116.947743 32.62887, -116.948198 32.628656, -116.94835 32.628587, -116.948418 32.6287, -116.948564 32.628914, -116.948577 32.628931, -116.949336 32.629913, -116.94959 32.630241, -116.949605 32.630289, -116.9496 32.630338))",15,False,429.0,0.02275258552108194,3111.0
