Incident No.,Description,cfs-date,Block Location,Latitude,Longitude,drone-id
210713L00058202,Vehicle Theft,2021-07-13 14:52:04.933,600 BLOCK PALOMAR ST,32.60321,-117.078644,f4861ddf2a3e4e2b698aeaf5c130747e
210713L00058197,Petty Theft <=$950,2021-07-13 14:44:45.853,2300 BLOCK PASEO LOS GATOS,32.671696,-116.971921,f4861ddf2a3e4e2b698aeaf5c130747e
210713L00058190,Disturbance - General,2021-07-13 14:23:30.617,1300 BLOCK PALOMAR ST,32.623378,-116.998882,f4861ddf2a3e4e2b698aeaf5c130747e
210713L00058203,Vehicle Burglary,2021-07-13 14:55:41.610,20 BLOCK WOODLAWN AV,32.645673,-117.099781,f4861ddf2a3e4e2b698aeaf5c130747e
210713L00058189,Incident Follow Up,2021-07-13 14:23:01.577,1600 BLOCK BROADWAY,32.596398,-117.076633,f4861ddf2a3e4e2b698aeaf5c130747e
210713L00058205,Check a Person's Well Being,2021-07-13 15:04:36.773,300 BLOCK H ST,32.634521,-117.07721,f4861ddf2a3e4e2b698aeaf5c130747e
210713L00058208,[Protected Call Type],2021-07-13 15:11:56.433,800 BLOCK REGULO PL,32.641815,-117.00975,f4861ddf2a3e4e2b698aeaf5c130747e
210713L00058192,Disturbance - General,2021-07-13 14:32:12.283,1100 BLOCK FIFTH AV,32.611256,-117.077251,f4861ddf2a3e4e2b698aeaf5c130747e
210713L00058196,Fraud/Forgery,2021-07-13 14:43:19.003,200 BLOCK G ST,32.639123,-117.074463,f4861ddf2a3e4e2b698aeaf5c130747e
210713L00058206,Vehicle Theft,2021-07-13 15:03:09.090,1700 BLOCK BROADWAY,32.59463,-117.07519,f4861ddf2a3e4e2b698aeaf5c130747e
210713L00058198,Incident Follow Up,2021-07-13 14:49:50.140,100 BLOCK MACE ST,32.594574,-117.053718,f4861ddf2a3e4e2b698aeaf5c130747e
210713L00058193,Traffic Stop,2021-07-13 14:34:20.177,THIRD AV & F ST,32.641267,-117.079932,f4861ddf2a3e4e2b698aeaf5c130747e
210713L00058191,Traffic Collision,2021-07-13 14:26:06.007,1600 BLOCK THIRD AV,32.597737,-117.06453,f4861ddf2a3e4e2b698aeaf5c130747e
210713L00058194,PR Contact,2021-07-13 14:36:12.533,TELEGRAPH CANYON RD & I-805 FREEWAY RAMP,32.629001,-117.044296,f4861ddf2a3e4e2b698aeaf5c130747e
210713L00058195,Fraud/Forgery,2021-07-13 14:39:40.143,1300 BLOCK SANTA CRUZ CT,32.634002,-117.002714,f4861ddf2a3e4e2b698aeaf5c130747e
210713L00058199,Found,2021-07-13 14:44:11.950,K ST & ELDER AV,32.650535,-117.088005,f4861ddf2a3e4e2b698aeaf5c130747e
210713L00058204,Grand Theft > $950,2021-07-13 14:55:44.697,1400 BLOCK FOURTH AV,32.602187,-117.069214,f4861ddf2a3e4e2b698aeaf5c130747e
210713L00058207,Check a Person's Well Being,2021-07-13 15:12:53.603,300 BLOCK TROUSDALE DR,32.654582,-117.085753,f4861ddf2a3e4e2b698aeaf5c130747e
210713L00058202,Vehicle Theft,2021-07-13 14:52:04.933,600 BLOCK PALOMAR ST,32.60321,-117.078644,6adea635f1acd5361518185aecd5dda3
210713L00058197,Petty Theft <=$950,2021-07-13 14:44:45.853,2300 BLOCK PASEO LOS GATOS,32.671696,-116.971921,6adea635f1acd5361518185aecd5dda3
210713L00058188,Preserve The Peace,2021-07-13 14:13:00.983,1100 BLOCK TOBIAS DR,32.616371,-117.058925,6adea635f1acd5361518185aecd5dda3
210713L00058190,Disturbance - General,2021-07-13 14:23:30.617,1300 BLOCK PALOMAR ST,32.623378,-116.998882,6adea635f1acd5361518185aecd5dda3
210713L00058203,Vehicle Burglary,2021-07-13 14:55:41.610,20 BLOCK WOODLAWN AV,32.645673,-117.099781,6adea635f1acd5361518185aecd5dda3
210713L00058189,Incident Follow Up,2021-07-13 14:23:01.577,1600 BLOCK BROADWAY,32.596398,-117.076633,6adea635f1acd5361518185aecd5dda3
210713L00058205,Check a Person's Well Being,2021-07-13 15:04:36.773,300 BLOCK H ST,32.634521,-117.07721,6adea635f1acd5361518185aecd5dda3
210713L00058192,Disturbance - General,2021-07-13 14:32:12.283,1100 BLOCK FIFTH AV,32.611256,-117.077251,6adea635f1acd5361518185aecd5dda3
210713L00058196,Fraud/Forgery,2021-07-13 14:43:19.003,200 BLOCK G ST,32.639123,-117.074463,6adea635f1acd5361518185aecd5dda3
210713L00058206,Vehicle Theft,2021-07-13 15:03:09.090,1700 BLOCK BROADWAY,32.59463,-117.07519,6adea635f1acd5361518185aecd5dda3
210713L00058198,Incident Follow Up,2021-07-13 14:49:50.140,100 BLOCK MACE ST,32.594574,-117.053718,6adea635f1acd5361518185aecd5dda3
210713L00058187,[Protected Call Type],2021-07-13 14:13:36.810,300 BLOCK QUINCE PL,32.608657,-117.039393,6adea635f1acd5361518185aecd5dda3
210713L00058193,Traffic Stop,2021-07-13 14:34:20.177,THIRD AV & F ST,32.641267,-117.079932,6adea635f1acd5361518185aecd5dda3
210713L00058191,Traffic Collision,2021-07-13 14:26:06.007,1600 BLOCK THIRD AV,32.597737,-117.06453,6adea635f1acd5361518185aecd5dda3
210713L00058194,PR Contact,2021-07-13 14:36:12.533,TELEGRAPH CANYON RD & I-805 FREEWAY RAMP,32.629001,-117.044296,6adea635f1acd5361518185aecd5dda3
210713L00058195,Fraud/Forgery,2021-07-13 14:39:40.143,1300 BLOCK SANTA CRUZ CT,32.634002,-117.002714,6adea635f1acd5361518185aecd5dda3
210713L00058199,Found,2021-07-13 14:44:11.950,K ST & ELDER AV,32.650535,-117.088005,6adea635f1acd5361518185aecd5dda3
210713L00058204,Grand Theft > $950,2021-07-13 14:55:44.697,1400 BLOCK FOURTH AV,32.602187,-117.069214,6adea635f1acd5361518185aecd5dda3
210822L00070416,Found,2021-08-22 22:10:16.237,2200 BLOCK OTAY LAKES RD,32.648029,-116.966389,0bcf186c92b446ad9d88e10377af85bd
210822L00070419,Disturbance - General,2021-08-22 22:22:50.300,30 BLOCK MANKATO ST,32.634187,-117.068872,0bcf186c92b446ad9d88e10377af85bd
210822L00070422,Disturbance - Noise,2021-08-22 22:30:07.750,1 BLOCK TAMARINDO WY,32.598733,-117.051506,0bcf186c92b446ad9d88e10377af85bd
210822L00070413,Vehicle Theft Recovery,2021-08-22 22:03:09.990,ANITA ST & INDUSTRIAL BL,32.598514,-117.084095,0bcf186c92b446ad9d88e10377af85bd
210822L00070421,Disturbance - Traffic,2021-08-22 22:28:56.170,TIERRA DEL REY & E H ST,32.635829,-117.020646,0bcf186c92b446ad9d88e10377af85bd
210822L00070411,Disturbance - General,2021-08-22 21:51:39.697,MEDICAL CENTER CT & WILDAUER ST,32.617023,-117.021894,0bcf186c92b446ad9d88e10377af85bd
210922L00079743,Police Impound,2021-09-22 09:29:58.157,1100 BLOCK DEL MAR AV,32.613911,-117.067738,d3146bb61b5673b3cc76b9808e936f62
210922L00079730,Disturbance - Homeless-Related,2021-09-22 09:05:26.003,300 BLOCK PARK WY,32.638851,-117.078894,d3146bb61b5673b3cc76b9808e936f62
210922L00079753,Disturbance - Homeless-Related,2021-09-22 09:58:56.693,400 BLOCK BROADWAY,32.634152,-117.090964,d3146bb61b5673b3cc76b9808e936f62
210922L00079735,Traffic Stop,2021-09-22 09:16:12.213,SECOND AV & H ST,32.635532,-117.073135,d3146bb61b5673b3cc76b9808e936f62
210922L00079744,Check a Person's Well Being,2021-09-22 09:30:37.527,300 BLOCK H ST,32.634521,-117.07721,d3146bb61b5673b3cc76b9808e936f62
210922L00079749,Traffic Stop,2021-09-22 09:49:14.547,1500 BLOCK H ST,32.639967,-116.984669,d3146bb61b5673b3cc76b9808e936f62
210922L00079751,[Protected Call Type],2021-09-22 09:56:25.950,60 BLOCK THIRD AV,32.649046,-117.083099,d3146bb61b5673b3cc76b9808e936f62
210922L00079740,Traffic Stop,2021-09-22 09:22:49.757,H ST & FOURTH AV,32.633243,-117.081286,d3146bb61b5673b3cc76b9808e936f62
210922L00079734,Fraud/Forgery,2021-09-22 09:13:20.347,800 BLOCK REGULO PL,32.641815,-117.00975,d3146bb61b5673b3cc76b9808e936f62
210922L00079736,Traffic Stop,2021-09-22 09:17:58.427,H ST & BROADWAY,32.630947,-117.089456,d3146bb61b5673b3cc76b9808e936f62
210922L00079748,Vandalism,2021-09-22 09:48:04.977,700 BLOCK DIAMOND DR,32.619281,-117.028115,d3146bb61b5673b3cc76b9808e936f62
210922L00079745,Traffic Stop,2021-09-22 09:37:04.990,HILLTOP DR & H ST,32.637819,-117.06498,d3146bb61b5673b3cc76b9808e936f62
210922L00079752,Traffic Stop,2021-09-22 09:58:30.407,H ST & SECOND AV,32.635532,-117.073135,d3146bb61b5673b3cc76b9808e936f62
210922L00079732,Traffic Stop,2021-09-22 09:09:10.523,H ST & FIG AV,32.632767,-117.082941,d3146bb61b5673b3cc76b9808e936f62
210922L00079737,Traffic Stop,2021-09-22 09:18:55.527,LANDIS AV & E ST,32.644439,-117.082272,d3146bb61b5673b3cc76b9808e936f62
210922L00079750,Traffic Stop,2021-09-22 09:49:58.593,I-805 FREEWAY RAMP & E H ST,32.640637,-117.054943,d3146bb61b5673b3cc76b9808e936f62
210922L00079741,Traffic Stop,2021-09-22 09:25:32.543,H ST & HILLTOP DR,32.637819,-117.06498,d3146bb61b5673b3cc76b9808e936f62
210922L00079742,Traffic Stop,2021-09-22 09:29:02.960,H ST & HILLTOP DR,32.637819,-117.06498,d3146bb61b5673b3cc76b9808e936f62
210922L00079754,Police Impound,2021-09-22 09:59:18.833,E H ST & HILLTOP DR,32.637819,-117.06498,d3146bb61b5673b3cc76b9808e936f62
210922L00079731,Disturbance - Homeless-Related,2021-09-22 09:08:02.927,BAY BL & F ST,32.635872,-117.099251,d3146bb61b5673b3cc76b9808e936f62
210922L00079746,Traffic Stop,2021-09-22 09:43:39.303,800 BLOCK HELIX AV,32.626603,-117.053195,d3146bb61b5673b3cc76b9808e936f62
210922L00079747,Traffic Stop,2021-09-22 09:45:04.030,E L ST & MYRA AV,32.626483,-117.050997,d3146bb61b5673b3cc76b9808e936f62
210917L00078326,Assault,2021-09-17 13:14:37.250,200 BLOCK CHURCH AV,32.644873,-117.080214,133968eaef898a7c8f1d6cf90418c879
210917L00078333,Disturbance - General,2021-09-17 13:38:44.793,500 BLOCK E ST,32.642283,-117.089464,133968eaef898a7c8f1d6cf90418c879
210917L00078330,Disturbance - General,2021-09-17 13:31:29.630,700 BLOCK OTAY LAKES RD,32.646515,-117.00287,133968eaef898a7c8f1d6cf90418c879
210917L00078325,Disturbance - General,2021-09-17 13:12:34.410,1400 BLOCK HILLTOP DR,32.60654,-117.053057,133968eaef898a7c8f1d6cf90418c879
210917L00078321,Disturbance - General,2021-09-17 13:06:27.490,1000 BLOCK BROADWAY,32.613564,-117.082719,133968eaef898a7c8f1d6cf90418c879
210917L00078322,Traffic Hazard,2021-09-17 13:10:42.810,LA MEDIA RD & TELEGRAPH CANYON RD,32.639967,-116.984669,133968eaef898a7c8f1d6cf90418c879
210917L00078332,Disturbance - General,2021-09-17 13:35:39.613,1 BLOCK FOURTH AV,32.650685,-117.088005,133968eaef898a7c8f1d6cf90418c879
210917L00078329,PR Contact,2021-09-17 13:23:25.000,1400 BLOCK SECOND AV,32.604328,-117.060983,133968eaef898a7c8f1d6cf90418c879
210917L00078324,[Protected Call Type],2021-09-17 13:11:59.943,60 BLOCK SECOND AV,32.650418,-117.079082,133968eaef898a7c8f1d6cf90418c879
210917L00078331,Lost Property,2021-09-17 13:34:38.347,200 BLOCK EUCALYPTUS CT,32.647009,-117.066154,133968eaef898a7c8f1d6cf90418c879
210917L00078323,Vandalism,2021-09-17 13:11:30.977,1400 BLOCK H ST,32.642588,-117.003359,133968eaef898a7c8f1d6cf90418c879
210917L00078327,Incident Follow Up,2021-09-17 13:15:40.670,PEARLWOOD ST & MOUNTAIN VIEW LN,32.612665,-117.039103,133968eaef898a7c8f1d6cf90418c879
210917L00078318,Disabled Vehicle,2021-09-17 12:55:34.377,ASH AV & K ST,32.619155,-117.083624,133968eaef898a7c8f1d6cf90418c879
210917L00078328,False Alarm - Undefined,2021-09-17 13:17:48.247,500 BLOCK BIERNACKI CT,32.617093,-117.03153,133968eaef898a7c8f1d6cf90418c879
210917L00078326,Assault,2021-09-17 13:14:37.250,200 BLOCK CHURCH AV,32.644873,-117.080214,bd064fcb228569bffddff518cedac35f
210917L00078314,Illegally Parked Vehicle,2021-09-17 12:40:25.310,300 BLOCK BROADWAY,32.637314,-117.092607,bd064fcb228569bffddff518cedac35f
210917L00078319,Traffic Collision,2021-09-17 12:45:39.037,700 BLOCK E ST,32.639895,-117.097631,bd064fcb228569bffddff518cedac35f
210917L00078315,Grand Theft > $950,2021-09-17 12:44:17.270,1100 BLOCK BROADWAY,32.608577,-117.083874,bd064fcb228569bffddff518cedac35f
210917L00078312,PR Contact,2021-09-17 12:31:46.383,600 BLOCK SEA VALE ST,32.647529,-117.09585,bd064fcb228569bffddff518cedac35f
210917L00078310,Fraud/Forgery,2021-09-17 12:31:31.247,1400 BLOCK HILLTOP DR,32.60654,-117.053057,bd064fcb228569bffddff518cedac35f
210917L00078325,Disturbance - General,2021-09-17 13:12:34.410,1400 BLOCK HILLTOP DR,32.60654,-117.053057,bd064fcb228569bffddff518cedac35f
210917L00078321,Disturbance - General,2021-09-17 13:06:27.490,1000 BLOCK BROADWAY,32.613564,-117.082719,bd064fcb228569bffddff518cedac35f
210917L00078322,Traffic Hazard,2021-09-17 13:10:42.810,LA MEDIA RD & TELEGRAPH CANYON RD,32.639967,-116.984669,bd064fcb228569bffddff518cedac35f
210917L00078313,Death,2021-09-17 12:38:58.553,200 BLOCK SHASTA ST,32.634487,-117.072656,bd064fcb228569bffddff518cedac35f
210917L00078311,Vehicle Theft Recovery,2021-09-17 12:30:39.107,700 BLOCK RIVERLAWN AV,32.62263,-117.087624,bd064fcb228569bffddff518cedac35f
210917L00078324,[Protected Call Type],2021-09-17 13:11:59.943,60 BLOCK SECOND AV,32.650418,-117.079082,bd064fcb228569bffddff518cedac35f
210917L00078317,Traffic Collision,2021-09-17 12:51:07.427,FIFTH AV & MOSS ST,32.614849,-117.078602,bd064fcb228569bffddff518cedac35f
210917L00078323,Vandalism,2021-09-17 13:11:30.977,1400 BLOCK H ST,32.642588,-117.003359,bd064fcb228569bffddff518cedac35f
210917L00078316,Suspicious Vehicle,2021-09-17 12:42:38.003,CALLE SANTIAGO & PASEO RANCHERO,32.636831,-117.009961,bd064fcb228569bffddff518cedac35f
210917L00078327,Incident Follow Up,2021-09-17 13:15:40.670,PEARLWOOD ST & MOUNTAIN VIEW LN,32.612665,-117.039103,bd064fcb228569bffddff518cedac35f
210917L00078309,Traffic Stop,2021-09-17 12:30:56.823,I-5 & H ST,32.632543,-117.085537,bd064fcb228569bffddff518cedac35f
210917L00078318,Disabled Vehicle,2021-09-17 12:55:34.377,ASH AV & K ST,32.619155,-117.083624,bd064fcb228569bffddff518cedac35f
210917L00078328,False Alarm - Undefined,2021-09-17 13:17:48.247,500 BLOCK BIERNACKI CT,32.617093,-117.03153,bd064fcb228569bffddff518cedac35f
210917L00078314,Illegally Parked Vehicle,2021-09-17 12:40:25.310,300 BLOCK BROADWAY,32.637314,-117.092607,bda8629c70d0c16fd7c283bc3dd5c297
210917L00078319,Traffic Collision,2021-09-17 12:45:39.037,700 BLOCK E ST,32.639895,-117.097631,bda8629c70d0c16fd7c283bc3dd5c297
210917L00078315,Grand Theft > $950,2021-09-17 12:44:17.270,1100 BLOCK BROADWAY,32.608577,-117.083874,bda8629c70d0c16fd7c283bc3dd5c297
210917L00078312,PR Contact,2021-09-17 12:31:46.383,600 BLOCK SEA VALE ST,32.647529,-117.09585,bda8629c70d0c16fd7c283bc3dd5c297
210917L00078307,School Resource Officer Call,2021-09-17 12:17:40.350,700 BLOCK OTAY LAKES RD,32.646515,-117.00287,bda8629c70d0c16fd7c283bc3dd5c297
210917L00078310,Fraud/Forgery,2021-09-17 12:31:31.247,1400 BLOCK HILLTOP DR,32.60654,-117.053057,bda8629c70d0c16fd7c283bc3dd5c297
210917L00078305,PR Contact,2021-09-17 12:06:55.077,500 BLOCK H ST,32.632242,-117.085364,bda8629c70d0c16fd7c283bc3dd5c297
210917L00078306,Other Incident,2021-09-17 12:16:46.340,400 BLOCK PALOMAR ST,32.60551,-117.070492,bda8629c70d0c16fd7c283bc3dd5c297
210917L00078313,Death,2021-09-17 12:38:58.553,200 BLOCK SHASTA ST,32.634487,-117.072656,bda8629c70d0c16fd7c283bc3dd5c297
210917L00078311,Vehicle Theft Recovery,2021-09-17 12:30:39.107,700 BLOCK RIVERLAWN AV,32.62263,-117.087624,bda8629c70d0c16fd7c283bc3dd5c297
210917L00078308,Incident Follow Up,2021-09-17 12:19:58.787,1300 BLOCK MEDICAL CENTER DR,32.616404,-117.021289,bda8629c70d0c16fd7c283bc3dd5c297
210917L00078317,Traffic Collision,2021-09-17 12:51:07.427,FIFTH AV & MOSS ST,32.614849,-117.078602,bda8629c70d0c16fd7c283bc3dd5c297
210917L00078316,Suspicious Vehicle,2021-09-17 12:42:38.003,CALLE SANTIAGO & PASEO RANCHERO,32.636831,-117.009961,bda8629c70d0c16fd7c283bc3dd5c297
210917L00078309,Traffic Stop,2021-09-17 12:30:56.823,I-5 & H ST,32.632543,-117.085537,bda8629c70d0c16fd7c283bc3dd5c297
210917L00078318,Disabled Vehicle,2021-09-17 12:55:34.377,ASH AV & K ST,32.619155,-117.083624,bda8629c70d0c16fd7c283bc3dd5c297
210901L00073423,Indecent Exposure,2021-09-01 14:07:47.103,600 BLOCK E ST,32.640485,-117.096979,93fcc27be01121c97d18aa47f9e8ee72
210901L00073407,Petty Theft <=$950,2021-09-01 13:12:47.143,600 BLOCK PALOMAR ST,32.60321,-117.078644,93fcc27be01121c97d18aa47f9e8ee72
210901L00073415,Petty Theft <=$950,2021-09-01 13:41:55.990,2000 BLOCK BIRCH RD,32.619973,-116.96696,93fcc27be01121c97d18aa47f9e8ee72
210901L00073418,Fraud/Forgery,2021-09-01 13:56:49.317,200 BLOCK ORANGE AV,32.601387,-117.060122,93fcc27be01121c97d18aa47f9e8ee72
210901L00073414,Duress Alarm,2021-09-01 13:40:48.757,700 BLOCK BROADWAY,32.623907,-117.086753,93fcc27be01121c97d18aa47f9e8ee72
210901L00073411,Grand Theft > $950,2021-09-01 13:29:19.833,500 BLOCK BROADWAY,32.630797,-117.089456,93fcc27be01121c97d18aa47f9e8ee72
210901L00073426,Assault,2021-09-01 14:09:01.540,700 BLOCK OTAY LAKES RD,32.646515,-117.00287,93fcc27be01121c97d18aa47f9e8ee72
210901L00073410,Illegally Parked Vehicle,2021-09-01 13:22:00.297,1400 BLOCK HILLTOP DR,32.60654,-117.053057,93fcc27be01121c97d18aa47f9e8ee72
210901L00073413,Incident Follow Up,2021-09-01 13:41:12.617,2000 BLOCK LAKERIDGE CI,32.652783,-116.980006,93fcc27be01121c97d18aa47f9e8ee72
210901L00073412,Disturbance - General,2021-09-01 13:35:41.780,600 BLOCK OXFORD ST,32.606672,-117.079998,93fcc27be01121c97d18aa47f9e8ee72
210901L00073424,Disturbance - General,2021-09-01 14:05:58.553,900 BLOCK MARINA WY,32.620655,-117.103911,93fcc27be01121c97d18aa47f9e8ee72
210901L00073422,Suspicious Vehicle,2021-09-01 14:00:25.930,HILLTOP DR & QUINTARD ST,32.60758,-117.053146,93fcc27be01121c97d18aa47f9e8ee72
210901L00073416,Disturbance - General,2021-09-01 13:42:34.047,60 BLOCK SECOND AV,32.650418,-117.079082,93fcc27be01121c97d18aa47f9e8ee72
210901L00073421,Other Incident,2021-09-01 14:03:41.463,500 BLOCK K ST,32.621896,-117.081313,93fcc27be01121c97d18aa47f9e8ee72
210901L00073409,Miscellaneous Assistance,2021-09-01 13:17:05.603,300 BLOCK CENTER ST,32.639684,-117.081653,93fcc27be01121c97d18aa47f9e8ee72
210901L00073408,Burglary - Other,2021-09-01 13:13:33.427,300 BLOCK QUAIL PL,32.609888,-117.03931,93fcc27be01121c97d18aa47f9e8ee72
220106L00001467,Fraud/Forgery,2022-01-06 10:47:27.473,1100 BLOCK WALNUT AV,32.630983,-116.941084,b9e703f140d868f23bf5b754ab6eb0a9
220106L00001470,Disturbance - General,2022-01-06 11:03:06.003,300 BLOCK BROADWAY,32.637314,-117.092607,b9e703f140d868f23bf5b754ab6eb0a9
220106L00001462,Traffic Collision,2022-01-06 10:35:14.990,2000 BLOCK LAKERIDGE CI,32.652783,-116.980006,b9e703f140d868f23bf5b754ab6eb0a9
220106L00001461,Signal Out,2022-01-06 10:32:58.097,FOURTH AV & C ST,32.650535,-117.088005,b9e703f140d868f23bf5b754ab6eb0a9
220106L00001468,Disturbance - General,2022-01-06 10:48:07.640,400 BLOCK BROADWAY,32.634152,-117.090964,b9e703f140d868f23bf5b754ab6eb0a9
220106L00001471,Fraud/Forgery,2022-01-06 11:00:26.020,200 BLOCK QUINTARD ST,32.604628,-117.060983,b9e703f140d868f23bf5b754ab6eb0a9
220106L00001463,Vehicle Theft,2022-01-06 10:36:12.107,400 BLOCK WOODLAWN AV,32.633009,-117.095242,b9e703f140d868f23bf5b754ab6eb0a9
220106L00001474,Lost/Stolen Plates,2022-01-06 11:10:36.090,800 BLOCK REGULO PL,32.641815,-117.00975,b9e703f140d868f23bf5b754ab6eb0a9
220106L00001469,Assault,2022-01-06 11:02:02.997,200 BLOCK LANDIS AV,32.644289,-117.082272,b9e703f140d868f23bf5b754ab6eb0a9
220106L00001473,Security Check,2022-01-06 11:11:03.607,700 BLOCK BAY BL,32.62167,-117.094749,b9e703f140d868f23bf5b754ab6eb0a9
220106L00001466,Police Impound,2022-01-06 10:49:26.193,600 BLOCK CRESTED BUTTE ST,32.611822,-117.082031,b9e703f140d868f23bf5b754ab6eb0a9
220106L00001475,False Alarm - Undefined,2022-01-06 11:10:50.127,1600 BLOCK PUFFIN PL,32.615027,-116.990751,b9e703f140d868f23bf5b754ab6eb0a9
220217L00013857,Illegally Parked Vehicle,2022-02-17 08:05:26.423,300 BLOCK K ST,32.624196,-117.073148,4a0c7bda2b3bdd5cff4cfdbff00bc1b7
220217L00013856,Traffic Collision,2022-02-17 07:55:52.743,1300 BLOCK EASTLAKE PW,32.629234,-116.948228,4a0c7bda2b3bdd5cff4cfdbff00bc1b7
220217L00013852,Minor Injury Collision,2022-02-17 07:47:44.263,L ST & THIRD AV,32.620589,-117.071797,4a0c7bda2b3bdd5cff4cfdbff00bc1b7
220217L00013855,Vehicle Burglary,2022-02-17 07:54:00.747,700 BLOCK SESAME ST,32.624321,-117.022646,4a0c7bda2b3bdd5cff4cfdbff00bc1b7
220217L00013853,Vandalism,2022-02-17 07:46:57.140,1100 BLOCK EASTLAKE PW,32.629234,-116.948228,4a0c7bda2b3bdd5cff4cfdbff00bc1b7
220217L00013851,Traffic Collision,2022-02-17 07:44:17.060,TELEGRAPH CANYON RD & NACION AV,32.630454,-117.046554,4a0c7bda2b3bdd5cff4cfdbff00bc1b7
220217L00013849,Suspicious Circumstances,2022-02-17 07:33:45.873,1000 BLOCK EASTLAKE PW,32.629234,-116.948228,4a0c7bda2b3bdd5cff4cfdbff00bc1b7
220217L00013860,Non-Injury Collision,2022-02-17 08:21:57.863,E PALOMAR ST & SANTA RITA,32.623378,-116.998882,4a0c7bda2b3bdd5cff4cfdbff00bc1b7
220217L00013879,Check a Person's Well Being,2022-02-17 08:15:20.887,VISTA WY & D ST,32.65119,-117.071864,4a0c7bda2b3bdd5cff4cfdbff00bc1b7
220217L00013857,Illegally Parked Vehicle,2022-02-17 08:05:26.423,300 BLOCK K ST,32.624196,-117.073148,35f560ecff16f5ee5b5cd25bde10913f
220217L00013847,Extra Patrol,2022-02-17 07:09:00.397,700 BLOCK E ST,32.639895,-117.097631,35f560ecff16f5ee5b5cd25bde10913f
220217L00013856,Traffic Collision,2022-02-17 07:55:52.743,1300 BLOCK EASTLAKE PW,32.629234,-116.948228,35f560ecff16f5ee5b5cd25bde10913f
220217L00013852,Minor Injury Collision,2022-02-17 07:47:44.263,L ST & THIRD AV,32.620589,-117.071797,35f560ecff16f5ee5b5cd25bde10913f
220217L00013855,Vehicle Burglary,2022-02-17 07:54:00.747,700 BLOCK SESAME ST,32.624321,-117.022646,35f560ecff16f5ee5b5cd25bde10913f
220217L00013853,Vandalism,2022-02-17 07:46:57.140,1100 BLOCK EASTLAKE PW,32.629234,-116.948228,35f560ecff16f5ee5b5cd25bde10913f
220217L00013851,Traffic Collision,2022-02-17 07:44:17.060,TELEGRAPH CANYON RD & NACION AV,32.630454,-117.046554,35f560ecff16f5ee5b5cd25bde10913f
220217L00013849,Suspicious Circumstances,2022-02-17 07:33:45.873,1000 BLOCK EASTLAKE PW,32.629234,-116.948228,35f560ecff16f5ee5b5cd25bde10913f
220217L00013848,Vehicle Burglary,2022-02-17 07:11:01.867,1200 BLOCK BATTLE CREEK RD,32.635877,-116.979841,35f560ecff16f5ee5b5cd25bde10913f
220322L00023598,Disturbance - General,2022-03-22 18:22:25.963,700 BLOCK THIRD AV,32.627346,-117.074508,510d172900a8417a5891878251fe802c
220322L00023596,False Alarm - Undefined,2022-03-22 18:17:00.407,4200 BLOCK BONITA RD,32.67387,-117.020668,510d172900a8417a5891878251fe802c
220322L00023602,Vehicle Theft,2022-03-22 18:48:16.450,100 BLOCK JACQUA ST,32.594655,-117.0803,510d172900a8417a5891878251fe802c
220322L00023597,Other Incident,2022-03-22 18:17:59.920,1500 BLOCK SANTA DIANA RD,32.616686,-116.989371,510d172900a8417a5891878251fe802c
220322L00023594,[Protected Call Type],2022-03-22 18:15:04.360,1400 BLOCK OLEANDER AV,32.61172,-117.034272,510d172900a8417a5891878251fe802c
220322L00023604,Ensure Safety of Fire and Medical Personnel,2022-03-22 19:12:51.677,1300 BLOCK RUTHERFORD ST,32.625089,-117.000332,510d172900a8417a5891878251fe802c
220322L00023601,Check The Area,2022-03-22 18:47:29.357,I-805 SB & SR-54,32.646049,-117.096024,510d172900a8417a5891878251fe802c
220319L00022717,Petty Theft <=$950,2022-03-19 10:42:32.927,1000 BLOCK TIERRA DEL REY,32.636452,-117.019826,2150bbc73ebc48d7f78a6ea48c572090
220319L00022723,Trespassing,2022-03-19 11:04:22.203,1100 BLOCK WALNUT AV,32.630983,-116.941084,2150bbc73ebc48d7f78a6ea48c572090
220319L00022729,[Protected Call Type],2022-03-19 11:23:16.533,1000 BLOCK FOURTH AV,32.615842,-117.074527,2150bbc73ebc48d7f78a6ea48c572090
220319L00022719,Traffic Stop,2022-03-19 10:49:35.983,1000 BLOCK THIRD AV,32.613139,-117.069074,2150bbc73ebc48d7f78a6ea48c572090
220319L00022732,False Alarm - Undefined,2022-03-19 11:30:18.187,500 BLOCK THIRD AV,32.633033,-117.077396,2150bbc73ebc48d7f78a6ea48c572090
220319L00022731,Disturbance - General,2022-03-19 11:28:24.020,BROADWAY & H ST,32.630947,-117.089456,2150bbc73ebc48d7f78a6ea48c572090
220319L00022727,Ensure Safety of Fire and Medical Personnel,2022-03-19 11:20:49.813,600 BLOCK OXFORD ST,32.606672,-117.079998,2150bbc73ebc48d7f78a6ea48c572090
220319L00022730,[Protected Call Type],2022-03-19 11:22:26.123,500 BLOCK OXFORD ST,32.607815,-117.07591,2150bbc73ebc48d7f78a6ea48c572090
220319L00022722,Non-Injury Collision,2022-03-19 11:03:53.407,4200 BLOCK MAIN ST,32.594613,-117.042206,2150bbc73ebc48d7f78a6ea48c572090
220319L00022718,Fraud/Forgery,2022-03-19 10:46:11.617,100 BLOCK OXFORD ST,32.612368,-117.059596,2150bbc73ebc48d7f78a6ea48c572090
220319L00022714,Traffic Hazard,2022-03-19 10:36:06.787,EASTLAKE PW & OTAY LAKES RD,32.640527,-116.966178,2150bbc73ebc48d7f78a6ea48c572090
220319L00022728,Grand Theft > $950,2022-03-19 11:20:55.490,600 BLOCK GARRETT AV,32.630208,-117.077867,2150bbc73ebc48d7f78a6ea48c572090
220319L00022716,Grand Theft > $950,2022-03-19 10:39:22.457,1200 BLOCK GREENSVIEW DR,32.629234,-116.948228,2150bbc73ebc48d7f78a6ea48c572090
220319L00022726,Disturbance - General,2022-03-19 11:14:00.127,SOLSTICE AV & STYLUS ST,32.629234,-116.948228,2150bbc73ebc48d7f78a6ea48c572090
220319L00022715,Burglary - Other,2022-03-19 10:37:27.720,200 BLOCK CAMINO ELEVADO,33.016928,-116.846046,2150bbc73ebc48d7f78a6ea48c572090
220415L00030447,Trespassing,2022-04-15 12:11:20.057,200 BLOCK BROADWAY,32.640691,-117.093693,b4ae32dfecdbb0445c4135ed17a94423
220415L00030455,Check The Area,2022-04-15 12:29:07.290,1100 BLOCK J ST,32.629715,-117.011499,b4ae32dfecdbb0445c4135ed17a94423
220415L00030453,Traffic Collision,2022-04-15 12:28:50.283,300 BLOCK MOSS ST,32.616989,-117.070453,b4ae32dfecdbb0445c4135ed17a94423
220415L00030449,Disturbance - General,2022-04-15 12:16:36.603,1800 BLOCK DISCOVERY FALLS DR,32.620333,-116.960018,b4ae32dfecdbb0445c4135ed17a94423
220415L00030457,Disturbance - General,2022-04-15 12:49:59.733,4400 BLOCK MAIN ST,32.5947,-117.036937,b4ae32dfecdbb0445c4135ed17a94423
220415L00030458,Incident Follow Up,2022-04-15 13:00:26.017,1700 BLOCK BROADWAY,32.59463,-117.07519,b4ae32dfecdbb0445c4135ed17a94423
220415L00030451,Death,2022-04-15 12:21:08.830,1300 BLOCK SUTTER BUTTES ST,32.630278,-116.976632,b4ae32dfecdbb0445c4135ed17a94423
220415L00030452,Disturbance - Homeless-Related,2022-04-15 12:28:24.050,2700 BLOCK OTAY LAKES RD,32.649422,-116.961203,b4ae32dfecdbb0445c4135ed17a94423
220415L00030450,[Protected Call Type],2022-04-15 12:19:02.910,30 BLOCK MURRAY ST,32.631602,-117.063688,b4ae32dfecdbb0445c4135ed17a94423
220409L00028750,[Protected Call Type],2022-04-09 17:38:32.067,900 BLOCK OTAY LAKES RD,32.640528,-116.998359,2eccd2896cd83307fe680f2c2ef68c4c
220409L00028749,Ensure Safety of Fire and Medical Personnel,2022-04-09 17:30:31.730,500 BLOCK TELEGRAPH CANYON RD,32.62781,-117.041397,2eccd2896cd83307fe680f2c2ef68c4c
220409L00028755,Embezzlement,2022-04-09 18:01:17.763,2800 BLOCK MAIN ST,32.594924,-117.070681,2eccd2896cd83307fe680f2c2ef68c4c
220409L00028747,Incident Evaluation,2022-04-09 17:20:41.180,1100 BLOCK OLEANDER AV,32.62261,-117.036975,2eccd2896cd83307fe680f2c2ef68c4c
220409L00028753,Assault,2022-04-09 18:00:14.877,2000 BLOCK OLYMPIC PW,32.629234,-116.948228,2eccd2896cd83307fe680f2c2ef68c4c
220409L00028754,Civil Dispute,2022-04-09 17:58:32.957,300 BLOCK PALOMAR ST,32.606636,-117.066401,2eccd2896cd83307fe680f2c2ef68c4c
220409L00028748,False Alarm - Undefined,2022-04-09 17:22:23.590,1200 BLOCK PERSHING RD,32.613071,-116.998073,2eccd2896cd83307fe680f2c2ef68c4c
220409L00028751,[Protected Call Type],2022-04-09 17:53:00.910,3900 BLOCK MAIN ST,32.594833,-117.048664,2eccd2896cd83307fe680f2c2ef68c4c
220409L00028717,[Protected Call Type],2022-04-09 14:29:32.453,300 BLOCK FOURTH AV,32.639993,-117.083982,615b8429913755f78d376177a0248338
220409L00028718,Vandalism,2022-04-09 14:29:47.310,600 BLOCK PALOMAR ST,32.60321,-117.078644,615b8429913755f78d376177a0248338
220409L00028716,Check The Area,2022-04-09 14:13:48.743,400 BLOCK H ST,32.633393,-117.081286,615b8429913755f78d376177a0248338
220409L00028713,Disturbance - Noise,2022-04-09 13:46:15.393,1 BLOCK K ST,32.627373,-117.061995,615b8429913755f78d376177a0248338
220409L00028720,Disturbance - General,2022-04-09 14:34:59.110,20 BLOCK WOODLAWN AV,32.645673,-117.099781,615b8429913755f78d376177a0248338
220409L00028721,Fraud/Forgery,2022-04-09 14:42:14.070,200 BLOCK QUINTARD ST,32.604628,-117.060983,615b8429913755f78d376177a0248338
220409L00028714,Collision - No Details,2022-04-09 14:08:49.360,1800 BLOCK MAXWELL RD,32.596731,-117.019488,615b8429913755f78d376177a0248338
220409L00028719,Assault,2022-04-09 14:34:02.697,800 BLOCK CHESAPEAKE PL,32.656034,-116.946879,615b8429913755f78d376177a0248338
220526L00042887,Illegally Parked Vehicle,2022-05-26 05:18:52.777,700 BLOCK ADA ST,32.601899,-117.084885,8cc1edc0ffa638944b22340f0affc6be
220526L00042888,False Alarm - Undefined,2022-05-26 05:37:36.707,1100 BLOCK CARLOS CANYON DR,32.651004,-117.020521,8cc1edc0ffa638944b22340f0affc6be
220526L00042893,False Alarm - Undefined,2022-05-26 05:57:49.980,1800 BLOCK OTAY LAKES RD,32.64765,-117.004125,8cc1edc0ffa638944b22340f0affc6be
220501L00035391,Found,2022-05-01 13:45:53.380,300 BLOCK FOURTH AV,32.639993,-117.083982,cd4621fbb45c511590432efd8a7f5012
220501L00035390,Citizen Flagged Officer Down,2022-05-01 13:45:20.077,600 BLOCK PALOMAR ST,32.60321,-117.078644,cd4621fbb45c511590432efd8a7f5012
220501L00035388,Disturbance - General,2022-05-01 13:38:52.433,300 BLOCK TELEGRAPH CANYON RD,32.628602,-117.050085,cd4621fbb45c511590432efd8a7f5012
220501L00035387,Other Incident,2022-05-01 13:37:29.833,2300 BLOCK EASTRIDGE LP,32.629234,-116.948228,cd4621fbb45c511590432efd8a7f5012
220501L00035393,[Protected Call Type],2022-05-01 13:53:44.533,400 BLOCK OXFORD ST,32.608946,-117.07182,cd4621fbb45c511590432efd8a7f5012
220501L00035384,Illegally Parked Vehicle,2022-05-01 13:20:03.247,400 BLOCK OAKLAWN AV,32.633406,-117.093836,cd4621fbb45c511590432efd8a7f5012
220501L00035386,Weapon Threat,2022-05-01 13:24:45.390,1200 BLOCK BROADWAY,32.606672,-117.079998,cd4621fbb45c511590432efd8a7f5012
220501L00035383,Traffic Collision,2022-05-01 13:20:17.227,BROADWAY & J ST,32.624057,-117.086753,cd4621fbb45c511590432efd8a7f5012
220501L00035385,Suspicious Vehicle,2022-05-01 13:22:26.413,200 BLOCK SHASTA ST,32.634487,-117.072656,cd4621fbb45c511590432efd8a7f5012
220501L00035382,Duress Alarm,2022-05-01 13:20:59.033,700 BLOCK J ST,32.622711,-117.091013,cd4621fbb45c511590432efd8a7f5012
220501L00035389,Vehicle Burglary,2022-05-01 13:41:16.233,200 BLOCK BEECH AV,32.641739,-117.091418,cd4621fbb45c511590432efd8a7f5012
220501L00035398,Illegally Parked Vehicle,2022-05-01 14:17:05.280,500 BLOCK PALOMAR ST,32.604356,-117.074576,cd4621fbb45c511590432efd8a7f5012
220501L00035381,Disturbance - Noise,2022-05-01 13:19:37.533,100 BLOCK E ST,32.646849,-117.073151,cd4621fbb45c511590432efd8a7f5012
220501L00035397,[Protected Call Type],2022-05-01 14:12:37.400,100 BLOCK K ST,32.626089,-117.065674,cd4621fbb45c511590432efd8a7f5012
220602L00045052,Disturbance - General,2022-06-02 16:22:35.177,600 BLOCK PALOMAR ST,32.60321,-117.078644,ebbd43eae55145ab7f4a42156cf25d93
220602L00045047,Disturbance - General,2022-06-02 16:00:00.613,1100 BLOCK FOURTH AV,32.612396,-117.073177,ebbd43eae55145ab7f4a42156cf25d93
220602L00045045,Assault,2022-06-02 15:56:30.220,1200 BLOCK INDUSTRIAL BL,32.603762,-117.08561,ebbd43eae55145ab7f4a42156cf25d93
220602L00045053,Drunk Driver,2022-06-02 16:25:21.047,1 BLOCK BROADWAY,32.648404,-117.096186,ebbd43eae55145ab7f4a42156cf25d93
220602L00045058,[Protected Call Type],2022-06-02 16:47:40.013,1600 BLOCK BROADWAY,32.596398,-117.076633,ebbd43eae55145ab7f4a42156cf25d93
220602L00045050,Traffic Hazard,2022-06-02 16:15:58.447,BROADWAY & F ST,32.637858,-117.092166,ebbd43eae55145ab7f4a42156cf25d93
220602L00045049,Fraud/Forgery,2022-06-02 16:09:28.027,800 BLOCK REGULO PL,32.641815,-117.00975,ebbd43eae55145ab7f4a42156cf25d93
220602L00045054,Disturbance - General,2022-06-02 16:37:07.463,100 BLOCK ORANGE AV,32.601587,-117.058532,ebbd43eae55145ab7f4a42156cf25d93
220602L00045055,Drunk Driver,2022-06-02 16:43:18.930,MELROSE AV & E NAPLES ST,32.620041,-117.046681,ebbd43eae55145ab7f4a42156cf25d93
220602L00045046,False Alarm - Undefined,2022-06-02 15:58:56.063,400 BLOCK CORRAL CANYON RD,33.016928,-116.846046,ebbd43eae55145ab7f4a42156cf25d93
220602L00045048,Extra Patrol,2022-06-02 16:02:56.323,MAGDALENA AV & MATER DEI DR,32.625648,-116.975151,ebbd43eae55145ab7f4a42156cf25d93
220723L00059926,Petty Theft <=$950,2022-07-23 12:34:38.237,500 BLOCK BROADWAY,32.630797,-117.089456,3696f7f54877c5b746e231b9fda83c94
220723L00059921,Extra Patrol,2022-07-23 11:59:44.870,1300 BLOCK PALOMAR ST,32.623378,-116.998882,3696f7f54877c5b746e231b9fda83c94
220723L00059924,Petty Theft <=$950,2022-07-23 12:13:39.680,600 BLOCK J ST,32.624364,-117.086189,3696f7f54877c5b746e231b9fda83c94
220723L00059933,Petty Theft <=$950,2022-07-23 12:48:55.423,600 BLOCK J ST,32.624364,-117.086189,3696f7f54877c5b746e231b9fda83c94
220723L00059922,Check a Person's Well Being,2022-07-23 12:02:22.850,200 BLOCK SHASTA ST,32.634487,-117.072656,3696f7f54877c5b746e231b9fda83c94
220723L00059928,Disturbance - General,2022-07-23 12:37:33.603,1700 BLOCK BROADWAY,32.59463,-117.07519,3696f7f54877c5b746e231b9fda83c94
220723L00059927,Fraud/Forgery,2022-07-23 12:36:28.817,400 BLOCK ORANGE AV,32.602187,-117.069214,3696f7f54877c5b746e231b9fda83c94
220723L00059923,[Protected Call Type],2022-07-23 12:10:08.017,500 BLOCK PASEO ROSAL,32.649094,-117.021857,3696f7f54877c5b746e231b9fda83c94
220723L00059931,Petty Theft <=$950,2022-07-23 12:46:28.683,200 BLOCK CENTER ST,32.636922,-117.050072,3696f7f54877c5b746e231b9fda83c94
220723L00059932,Check a Person's Well Being,2022-07-23 12:43:24.113,MEDICAL CENTER DR & TELEGRAPH CANYON RD,32.624792,-117.02559,3696f7f54877c5b746e231b9fda83c94
220723L00059930,Traffic Collision,2022-07-23 12:43:19.867,BUENA VISTA WY & E H ST,32.639901,-117.004842,3696f7f54877c5b746e231b9fda83c94
220711L00056293,Missing Person,2022-07-11 12:20:17.890,300 BLOCK FOURTH AV,32.639993,-117.083982,df2aac3262172d6724520f82737ac4a9
220711L00056291,Assault,2022-07-11 12:14:25.407,500 BLOCK BROADWAY,32.630797,-117.089456,df2aac3262172d6724520f82737ac4a9
220711L00056295,Fraud/Forgery,2022-07-11 12:25:53.900,2200 BLOCK OTAY LAKES RD,32.648029,-116.966389,df2aac3262172d6724520f82737ac4a9
220711L00056298,Unknown Problem,2022-07-11 12:39:42.070,500 BLOCK MOSS ST,32.614699,-117.078602,df2aac3262172d6724520f82737ac4a9
220711L00056292,Person Down,2022-07-11 12:14:24.547,600 BLOCK TELEGRAPH CANYON RD,32.627536,-117.036106,df2aac3262172d6724520f82737ac4a9
220711L00056290,Petty Theft <=$950,2022-07-11 12:08:44.810,600 BLOCK MOSS ST,32.613564,-117.082719,df2aac3262172d6724520f82737ac4a9
220711L00056299,Traffic Collision,2022-07-11 12:46:14.950,3800 BLOCK MAIN ST,32.595715,-117.050372,df2aac3262172d6724520f82737ac4a9
220711L00056300,Incident Follow Up,2022-07-11 12:51:22.817,1900 BLOCK AVENIDA ECHEVERIA,32.636922,-117.050072,df2aac3262172d6724520f82737ac4a9
220711L00056294,Security Check,2022-07-11 12:21:56.980,800 BLOCK CHESAPEAKE PL,32.656034,-116.946879,df2aac3262172d6724520f82737ac4a9
220711L00056296,Lost Property,2022-07-11 12:29:43.740,1300 BLOCK SECOND AV,32.607764,-117.062336,df2aac3262172d6724520f82737ac4a9
220829L00071486,Vehicle Burglary,2022-08-29 09:54:01.680,700 BLOCK E ST,32.639895,-117.097631,59199d26cba18db2dd474835a28ece20
220829L00071489,Disturbance - General,2022-08-29 10:00:51.680,1100 BLOCK BROADWAY,32.608577,-117.083874,59199d26cba18db2dd474835a28ece20
220829L00071492,Check a Person's Well Being,2022-08-29 10:04:28.940,1100 BLOCK FOURTH AV,32.612396,-117.073177,59199d26cba18db2dd474835a28ece20
220829L00071491,[Protected Call Type],2022-08-29 10:04:53.350,800 BLOCK THIRD AV,32.623896,-117.073148,59199d26cba18db2dd474835a28ece20
220829L00071483,Disturbance - General,2022-08-29 09:46:31.313,500 BLOCK H ST,32.632242,-117.085364,59199d26cba18db2dd474835a28ece20
220829L00071480,Missing Person,2022-08-29 09:32:32.450,600 BLOCK OXFORD ST,32.606672,-117.079998,59199d26cba18db2dd474835a28ece20
220829L00071488,Suspicious Circumstances,2022-08-29 09:56:41.987,200 BLOCK ONEIDA ST,32.615983,-117.034012,59199d26cba18db2dd474835a28ece20
220829L00071484,Petty Theft <=$950,2022-08-29 09:49:38.127,700 BLOCK PASO DE LUZ,32.623054,-117.023668,59199d26cba18db2dd474835a28ece20
220829L00071485,Disturbance - General,2022-08-29 09:53:49.240,1600 BLOCK ALBANY AV,32.597728,-117.058098,59199d26cba18db2dd474835a28ece20
220819L00068383,PR Contact,2022-08-19 10:20:16.163,500 BLOCK ANITA ST,32.598319,-117.07326,9f8865bbcba30c8caa36cd43f00a0f6b
220819L00068384,Security Check,2022-08-19 10:28:01.823,800 BLOCK CALLE LAGASCA,32.644374,-117.032817,9f8865bbcba30c8caa36cd43f00a0f6b
220819L00068376,Police Impound,2022-08-19 09:49:10.043,1400 BLOCK SANTA VICTORIA RD,32.614313,-116.989932,9f8865bbcba30c8caa36cd43f00a0f6b
220819L00068380,Check a Person's Well Being,2022-08-19 10:13:30.510,PALOMAR ST & THIRD AV,32.606786,-117.066401,9f8865bbcba30c8caa36cd43f00a0f6b
220819L00068375,Disturbance - General,2022-08-19 09:43:31.437,1300 BLOCK SANTA ALICIA AV,32.625035,-116.992514,9f8865bbcba30c8caa36cd43f00a0f6b
220819L00068381,Illegally Parked Vehicle,2022-08-19 10:18:17.033,1700 BLOCK BROADWAY,32.59463,-117.07519,9f8865bbcba30c8caa36cd43f00a0f6b
220819L00068374,PR Contact,2022-08-19 09:47:47.020,800 BLOCK DUNCAN RANCH RD,32.660958,-116.950749,9f8865bbcba30c8caa36cd43f00a0f6b
220819L00068372,PR Contact,2022-08-19 09:41:30.360,1900 BLOCK MAGDALENA AV,32.605941,-116.970846,9f8865bbcba30c8caa36cd43f00a0f6b
220819L00068378,Traffic Collision,2022-08-19 09:55:59.117,1300 BLOCK BROADWAY,32.60321,-117.078644,9f8865bbcba30c8caa36cd43f00a0f6b
220819L00068379,Incident Follow Up,2022-08-19 09:57:15.620,1300 BLOCK HILLTOP DR,32.610038,-117.054174,9f8865bbcba30c8caa36cd43f00a0f6b
220819L00068385,Incident Follow Up,2022-08-19 10:29:40.527,1300 BLOCK HILLTOP DR,32.610038,-117.054174,9f8865bbcba30c8caa36cd43f00a0f6b
220819L00068373,Disturbance - General,2022-08-19 09:41:08.773,STRATA ST & SOLSTICE AV,32.629234,-116.948228,9f8865bbcba30c8caa36cd43f00a0f6b
220819L00068386,[Protected Call Type],2022-08-19 10:23:39.463,1200 BLOCK VERNON CT,32.624085,-117.006279,9f8865bbcba30c8caa36cd43f00a0f6b
220905L00073818,Disturbance - General,2022-09-05 15:18:35.290,300 BLOCK BROADWAY,32.637314,-117.092607,0d05e09650afecd44c05eff6674994cb
220905L00073817,Reckless Driver,2022-09-05 15:04:22.190,MAIN ST & MELROSE AV,32.594808,-117.040115,0d05e09650afecd44c05eff6674994cb
220905L00073822,Disturbance - General,2022-09-05 15:29:48.013,600 BLOCK H ST,32.631097,-117.089456,0d05e09650afecd44c05eff6674994cb
220905L00073823,Vandalism,2022-09-05 15:35:03.603,2200 BLOCK OTAY LAKES RD,32.648029,-116.966389,0d05e09650afecd44c05eff6674994cb
220905L00073820,False Alarm - Undefined,2022-09-05 15:26:38.370,800 BLOCK KUHN DR,32.653474,-116.967948,0d05e09650afecd44c05eff6674994cb
220905L00073815,[Protected Call Type],2022-09-05 14:48:07.430,1200 BLOCK NACION AV,32.617918,-117.040073,0d05e09650afecd44c05eff6674994cb
220905L00073825,Drunk Driver,2022-09-05 15:37:10.600,TELEGRAPH CANYON RD & BUENA VISTA WY,32.634893,-117.001047,0d05e09650afecd44c05eff6674994cb
220905L00073824,Check The Area,2022-09-05 15:37:07.017,600 BLOCK D ST,32.644929,-117.094847,0d05e09650afecd44c05eff6674994cb
220905L00073827,Check a Person's Well Being,2022-09-05 15:42:56.390,600 BLOCK CARLA AV,32.634487,-117.062625,0d05e09650afecd44c05eff6674994cb
220905L00073821,Fraud/Forgery,2022-09-05 15:27:29.000,2400 BLOCK LA COSTA AV,32.649016,-116.96024,0d05e09650afecd44c05eff6674994cb
220905L00073773,Disturbance - General,2022-09-05 10:47:39.667,700 BLOCK H ST,32.629658,-117.093538,a97c1771471e2147c7284810877203a0
220905L00073770,[Protected Call Type],2022-09-05 10:45:24.020,800 BLOCK H ST,32.629112,-117.096612,a97c1771471e2147c7284810877203a0
220905L00073774,Disturbance - General,2022-09-05 10:49:31.513,300 BLOCK BROADWAY,32.637314,-117.092607,a97c1771471e2147c7284810877203a0
220905L00073768,Disturbance - General,2022-09-05 10:24:37.857,700 BLOCK E ST,32.639895,-117.097631,a97c1771471e2147c7284810877203a0
220905L00073765,Reckless Driver,2022-09-05 10:13:10.803,4400 BLOCK BONITA RD,32.67387,-117.020668,a97c1771471e2147c7284810877203a0
220905L00073767,Incident Follow Up,2022-09-05 10:28:23.160,800 BLOCK E ST,32.639154,-117.100633,a97c1771471e2147c7284810877203a0
220905L00073766,Fraud/Forgery,2022-09-05 10:18:18.400,1400 BLOCK EDGEHILL DR,32.625323,-116.984024,a97c1771471e2147c7284810877203a0
220905L00073775,Grand Theft > $950,2022-09-05 10:52:12.167,300 BLOCK PALM AV,32.591183,-117.046087,a97c1771471e2147c7284810877203a0
220905L00073778,Traffic Hazard,2022-09-05 11:07:14.010,TELEGRAPH CANYON RD & CREST DR,32.62981,-117.036492,a97c1771471e2147c7284810877203a0
220905L00073772,Disturbance - General,2022-09-05 10:47:03.053,1400 BLOCK CAMINITO SICILIA,32.629906,-116.964181,a97c1771471e2147c7284810877203a0
220905L00073764,Traffic Stop,2022-09-05 10:14:02.870,GARRETT AV & F ST,32.6407,-117.08196,a97c1771471e2147c7284810877203a0
220905L00073780,Check a Person's Well Being,2022-09-05 11:11:14.573,1800 BLOCK VIOLET CT,32.613802,-116.971342,a97c1771471e2147c7284810877203a0
220905L00073771,Vehicle Theft,2022-09-05 10:46:25.110,BOUQUET CANYON RD & COVEY PL,32.63839,-116.987011,a97c1771471e2147c7284810877203a0
230127L00007638,[Protected Call Type],2023-01-27 10:42:32.230,200 BLOCK BROADWAY,32.640691,-117.093693,938a3de04bd295e34f54467d2f471589
230127L00007645,Disturbance - General,2023-01-27 11:02:46.730,200 BLOCK THIRD AV,32.64459,-117.081241,938a3de04bd295e34f54467d2f471589
230127L00007642,Incident Follow Up,2023-01-27 10:59:25.490,400 BLOCK OAKLAWN AV,32.633406,-117.093836,938a3de04bd295e34f54467d2f471589
230127L00007632,Vandalism,2023-01-27 10:17:06.393,200 BLOCK MADRONA ST,32.639992,-117.074806,938a3de04bd295e34f54467d2f471589
230127L00007630,Disturbance - General,2023-01-27 10:13:50.823,100 BLOCK BEYER WY,32.594635,-117.064514,938a3de04bd295e34f54467d2f471589
230127L00007644,Incident Evaluation,2023-01-27 10:48:46.157,800 BLOCK TAMAYO DR,32.631158,-117.046508,938a3de04bd295e34f54467d2f471589
230127L00007639,SRO Meet with Admin,2023-01-27 10:53:00.777,1300 BLOCK HILLTOP DR,32.610038,-117.054174,938a3de04bd295e34f54467d2f471589
230127L00007631,Petty Theft <=$950,2023-01-27 10:12:19.447,1900 BLOCK GOTHAM ST,32.646483,-116.984966,938a3de04bd295e34f54467d2f471589
230127L00007643,Police Impound,2023-01-27 11:01:09.283,1500 BLOCK SONORA DR,32.605036,-117.029412,938a3de04bd295e34f54467d2f471589
230127L00007641,Disturbance - General,2023-01-27 10:57:25.560,600 BLOCK NAPLES ST,32.610101,-117.081381,938a3de04bd295e34f54467d2f471589
230127L00007640,Death,2023-01-27 10:54:34.510,600 BLOCK MARIPOSA CI,32.625891,-117.037683,938a3de04bd295e34f54467d2f471589
230127L00007634,Police Impound,2023-01-27 10:20:02.087,2000 BLOCK BRIDGEPORT,32.652706,-116.981379,938a3de04bd295e34f54467d2f471589
230127L00007636,SRO Campus Visit Greet,2023-01-27 10:29:13.863,1100 BLOCK CAMINO PRADO,32.597471,-116.999144,938a3de04bd295e34f54467d2f471589
230127L00007637,Incident Follow Up,2023-01-27 10:30:37.773,30 BLOCK N GLOVER AV,32.651477,-117.086852,938a3de04bd295e34f54467d2f471589
230127L00007647,Vehicle Burglary,2023-01-27 11:04:23.860,100 BLOCK E OLYMPIA ST,32.61413,-117.050535,938a3de04bd295e34f54467d2f471589
230127L00007620,Disturbance - General,2023-01-27 09:15:59.070,300 BLOCK THIRD AV,32.641333,-117.080223,524ae801e69db9c92e82e05df857fe25
230127L00007619,Police Impound,2023-01-27 09:16:02.027,300 BLOCK THIRD AV,32.641333,-117.080223,524ae801e69db9c92e82e05df857fe25
230127L00007628,Petty Theft <=$950,2023-01-27 09:56:21.050,300 BLOCK E ST,32.644353,-117.081494,524ae801e69db9c92e82e05df857fe25
230127L00007626,Emergency Call Hang-Up,2023-01-27 09:53:52.813,600 BLOCK L ST,32.617309,-117.084073,524ae801e69db9c92e82e05df857fe25
230127L00007630,Disturbance - General,2023-01-27 10:13:50.823,100 BLOCK BEYER WY,32.594635,-117.064514,524ae801e69db9c92e82e05df857fe25
230127L00007623,SRO Presentation,2023-01-27 09:32:46.887,1600 BLOCK ELMHURST ST,32.642869,-116.995782,524ae801e69db9c92e82e05df857fe25
230127L00007631,Petty Theft <=$950,2023-01-27 10:12:19.447,1900 BLOCK GOTHAM ST,32.646483,-116.984966,524ae801e69db9c92e82e05df857fe25
230127L00007625,Vehicle Theft,2023-01-27 09:45:56.827,600 BLOCK E PALOMAR ST,32.60321,-117.078644,524ae801e69db9c92e82e05df857fe25
230227L00017388,PR Contact,2023-02-27 07:43:54.237,300 BLOCK FOURTH AV,32.639993,-117.083982,080f4ea36b616d6b39517b8129df9c8e
230227L00017382,Vehicle Theft Recovery,2023-02-27 07:29:30.020,200 BLOCK WOODLAWN AV,32.640033,-117.097538,080f4ea36b616d6b39517b8129df9c8e
230227L00017395,Reckless Driver,2023-02-27 08:02:50.210,1200 BLOCK BROADWAY,32.606672,-117.079998,080f4ea36b616d6b39517b8129df9c8e
230227L00017400,SRO Meet with Admin,2023-02-27 08:16:17.953,2200 BLOCK MACKENZIE CREEK RD,32.658388,-116.971425,080f4ea36b616d6b39517b8129df9c8e
230227L00017385,SRO Traffic Control,2023-02-27 07:35:48.460,600 BLOCK FLOWER ST,32.6432,-117.094181,080f4ea36b616d6b39517b8129df9c8e
230227L00017380,Non-Injury Collision,2023-02-27 07:22:20.160,500 BLOCK OXFORD ST,32.607815,-117.07591,080f4ea36b616d6b39517b8129df9c8e
230227L00017394,SRO Traffic Control,2023-02-27 08:03:47.097,50 BLOCK FLOWER ST,32.649506,-117.072849,080f4ea36b616d6b39517b8129df9c8e
230227L00017397,Traffic Stop,2023-02-27 08:08:04.803,1200 BLOCK FOURTH AV,32.608946,-117.07182,080f4ea36b616d6b39517b8129df9c8e
230227L00017386,Vandalism,2023-02-27 07:38:35.927,1500 BLOCK MENDOCINO DR,32.598839,-117.029391,080f4ea36b616d6b39517b8129df9c8e
230227L00017383,Vehicle Theft,2023-02-27 07:26:44.137,500 BLOCK OAKLAWN AV,32.629915,-117.092643,080f4ea36b616d6b39517b8129df9c8e
230227L00017392,Petty Theft <=$950,2023-02-27 07:55:47.880,600 BLOCK EL PORTAL DR,32.66534,-116.958799,080f4ea36b616d6b39517b8129df9c8e
230227L00017398,Extra Patrol,2023-02-27 08:09:58.277,2300 BLOCK PASEO VERACRUZ,32.671025,-116.973985,080f4ea36b616d6b39517b8129df9c8e
230227L00017401,SRO Traffic Control,2023-02-27 08:17:24.753,30 BLOCK MURRAY ST,32.631602,-117.063688,080f4ea36b616d6b39517b8129df9c8e
230227L00017384,Vehicle Theft,2023-02-27 07:32:04.407,1300 BLOCK HIDDEN SPRINGS PL,32.636318,-116.95167,080f4ea36b616d6b39517b8129df9c8e
230227L00017387,SRO Campus Visit Greet,2023-02-27 07:43:38.750,600 BLOCK NAPLES ST,32.610101,-117.081381,080f4ea36b616d6b39517b8129df9c8e
230227L00017391,Police Impound,2023-02-27 07:53:51.707,100 BLOCK F ST,32.643725,-117.071732,080f4ea36b616d6b39517b8129df9c8e
230204L00010330,Vehicle Pursuit,2023-02-04 15:07:49.267,1300 BLOCK FOURTH AV,32.60551,-117.070492,61cc901c0f13f12e7f806a4ff51cec78
230204L00010329,Vehicle Theft,2023-02-04 15:04:51.947,500 BLOCK BROADWAY,32.630797,-117.089456,61cc901c0f13f12e7f806a4ff51cec78
230204L00010326,Check a Person's Well Being,2023-02-04 14:53:26.170,600 BLOCK TELEGRAPH CANYON RD,32.627536,-117.036106,61cc901c0f13f12e7f806a4ff51cec78
230204L00010333,[Protected Call Type],2023-02-04 15:14:00.667,100 BLOCK PALOMAR ST,32.608918,-117.058207,61cc901c0f13f12e7f806a4ff51cec78
230204L00010334,Person Down,2023-02-04 15:21:09.507,700 BLOCK ANITA ST,32.598364,-117.084095,61cc901c0f13f12e7f806a4ff51cec78
230204L00010335,Found,2023-02-04 15:28:29.873,900 BLOCK OTAY LAKES RD,32.642264,-116.993702,61cc901c0f13f12e7f806a4ff51cec78
230204L00010328,Traffic Stop,2023-02-04 15:03:05.353,1600 BLOCK OLYMPIC PW,32.639967,-116.984669,61cc901c0f13f12e7f806a4ff51cec78
230204L00010327,Other Incident,2023-02-04 14:56:55.613,1400 BLOCK FRANCESCHI DR,32.61551,-117.000283,61cc901c0f13f12e7f806a4ff51cec78
230204L00010331,Vehicle Theft,2023-02-04 15:08:58.307,800 BLOCK E H ST,32.63584,-117.029284,61cc901c0f13f12e7f806a4ff51cec78
230331L00026912,Citizen Flagged Officer Down,2023-03-31 10:37:11.553,300 BLOCK FOURTH AV,32.639993,-117.083982,fffeaa4e5e493f205c8f57066e4a714b
230331L00026916,Minor Injury Collision,2023-03-31 10:45:59.340,700 BLOCK H ST,32.629658,-117.093538,fffeaa4e5e493f205c8f57066e4a714b
230331L00026902,Disturbance - Homeless-Related,2023-03-31 10:04:52.950,1000 BLOCK BAY BL,32.611125,-117.092047,fffeaa4e5e493f205c8f57066e4a714b
230331L00026918,Incident Evaluation,2023-03-31 10:50:08.450,1100 BLOCK BROADWAY,32.608577,-117.083874,fffeaa4e5e493f205c8f57066e4a714b
230331L00026922,Traffic Stop,2023-03-31 10:59:45.610,300 BLOCK THIRD AV,32.641333,-117.080223,fffeaa4e5e493f205c8f57066e4a714b
230331L00026905,Burglary - Other,2023-03-31 10:18:01.793,600 BLOCK G ST,32.634559,-117.090811,fffeaa4e5e493f205c8f57066e4a714b
230331L00026915,Traffic Stop,2023-03-31 10:44:51.307,600 BLOCK G ST,32.634559,-117.090811,fffeaa4e5e493f205c8f57066e4a714b
230331L00026921,Disturbance - General,2023-03-31 10:57:51.743,700 BLOCK PALOMAR ST,32.603763,-117.08561,fffeaa4e5e493f205c8f57066e4a714b
230331L00026907,Non-Injury Collision,2023-03-31 10:22:14.023,1000 BLOCK BROADWAY,32.613564,-117.082719,fffeaa4e5e493f205c8f57066e4a714b
230331L00026910,Graffiti,2023-03-31 10:29:27.837,400 BLOCK BROADWAY,32.634152,-117.090964,fffeaa4e5e493f205c8f57066e4a714b
230331L00026913,Incident Follow Up,2023-03-31 10:36:36.920,1300 BLOCK THIRD AV,32.606636,-117.066401,fffeaa4e5e493f205c8f57066e4a714b
230331L00026917,Petty Theft <=$950,2023-03-31 10:48:24.630,1300 BLOCK THIRD AV,32.606636,-117.066401,fffeaa4e5e493f205c8f57066e4a714b
230331L00026919,Municipal Code Violation,2023-03-31 10:49:41.167,1600 BLOCK MALTA AV,32.599926,-117.040605,fffeaa4e5e493f205c8f57066e4a714b
230331L00026904,Traffic Stop,2023-03-31 10:11:37.753,300 BLOCK L ST,32.620739,-117.071797,fffeaa4e5e493f205c8f57066e4a714b
230331L00026908,Vehicle Tampering,2023-03-31 10:22:03.253,2100 BLOCK CORTE VISTA,32.633004,-116.967049,fffeaa4e5e493f205c8f57066e4a714b
230331L00026920,Disturbance - Homeless-Related,2023-03-31 10:57:49.497,200 BLOCK G ST,32.639123,-117.074463,fffeaa4e5e493f205c8f57066e4a714b
230331L00026928,,2023-03-31 10:41:22.353,700 BLOCK ANITA ST,32.598364,-117.084095,fffeaa4e5e493f205c8f57066e4a714b
230331L00026911,Fraud/Forgery,2023-03-31 10:35:29.527,200 BLOCK SANDSTONE ST,32.602727,-117.042545,fffeaa4e5e493f205c8f57066e4a714b
230331L00026909,Traffic Hazard,2023-03-31 10:23:32.700,400 BLOCK E H ST,32.640893,-117.05004,fffeaa4e5e493f205c8f57066e4a714b
230331L00026903,Traffic Stop,2023-03-31 10:05:14.217,500 BLOCK E H ST,32.637555,-117.040954,fffeaa4e5e493f205c8f57066e4a714b
230321L00023944,False Alarm - Undefined,2023-03-21 06:11:22.807,1100 BLOCK INDUSTRIAL BL,32.609507,-117.089094,9e82648c34dddceb55c1f5c7fb602168
230321L00023942,Illegally Parked Vehicle,2023-03-21 05:40:47.727,1700 BLOCK JACKSON ST,32.615752,-116.977709,9e82648c34dddceb55c1f5c7fb602168
230321L00023940,Extra Patrol,2023-03-21 05:16:47.240,300 BLOCK E H ST,32.640562,-117.052185,9e82648c34dddceb55c1f5c7fb602168
230321L00023941,Robbery,2023-03-21 05:28:54.540,1300 BLOCK E PALOMAR ST,32.623378,-116.998882,9e82648c34dddceb55c1f5c7fb602168
230318L00023289,Ensure Safety of Fire and Medical Personnel,2023-03-18 18:12:18.137,80 BLOCK BONITA RD,32.64774,-117.066728,0567a427d9c4e8efe13725d3c24aed18
230318L00023297,Traffic Stop,2023-03-18 18:39:00.437,1400 BLOCK EASTLAKE PW,32.629234,-116.948228,0567a427d9c4e8efe13725d3c24aed18
230318L00023298,Check The Area,2023-03-18 18:42:08.433,1200 BLOCK INDUSTRIAL BL,32.603762,-117.08561,0567a427d9c4e8efe13725d3c24aed18
230318L00023299,Illegally Parked Vehicle,2023-03-18 18:46:28.123,400 BLOCK FOURTH AV,32.636544,-117.082643,0567a427d9c4e8efe13725d3c24aed18
230318L00023295,Criminal Threat,2023-03-18 18:34:17.047,1300 BLOCK THIRD AV,32.606636,-117.066401,0567a427d9c4e8efe13725d3c24aed18
230318L00023301,Fraud/Forgery,2023-03-18 18:57:27.370,1200 BLOCK BROADWAY,32.606672,-117.079998,0567a427d9c4e8efe13725d3c24aed18
230318L00023294,Petty Theft <=$950,2023-03-18 18:32:22.863,1800 BLOCK MAIN CT,32.594565,-117.034758,0567a427d9c4e8efe13725d3c24aed18
230318L00023300,Disturbance - General,2023-03-18 18:47:33.033,800 BLOCK LAZO CT,32.637871,-117.02695,0567a427d9c4e8efe13725d3c24aed18
230318L00023303,Check The Area,2023-03-18 19:02:35.523,800 BLOCK HUMPHREY PL,32.614384,-117.019863,0567a427d9c4e8efe13725d3c24aed18
230318L00023293,Traffic Collision,2023-03-18 18:23:56.383,400 BLOCK ALPINE AV,32.639696,-117.071291,0567a427d9c4e8efe13725d3c24aed18
230318L00023288,False Alarm - Undefined,2023-03-18 18:09:51.170,800 BLOCK CARDAMON CT,32.630106,-117.020464,0567a427d9c4e8efe13725d3c24aed18
230307L00019838,Missing Person,2023-03-07 10:44:58.367,300 BLOCK FOURTH AV,32.639993,-117.083982,761a991fbb6c16761c96dd273c291319
230307L00019849,[Protected Call Type],2023-03-07 11:16:58.340,500 BLOCK CLAIRE AV,32.638842,-117.060817,761a991fbb6c16761c96dd273c291319
230307L00019841,Police Impound,2023-03-07 10:56:20.393,800 BLOCK RIVERLAWN AV,32.620151,-117.086516,761a991fbb6c16761c96dd273c291319
230307L00019850,SRO Campus Visit Greet,2023-03-07 11:20:42.320,700 BLOCK OTAY LAKES RD,32.646515,-117.00287,761a991fbb6c16761c96dd273c291319
230307L00019847,Citizen Flagged Officer Down,2023-03-07 11:14:24.517,600 BLOCK OXFORD ST,32.606672,-117.079998,761a991fbb6c16761c96dd273c291319
230307L00019833,Vandalism,2023-03-07 10:38:46.300,400 BLOCK BROADWAY,32.634152,-117.090964,761a991fbb6c16761c96dd273c291319
230307L00019831,Incident Follow Up,2023-03-07 10:36:26.553,1400 BLOCK BROADWAY,32.60219,-117.078244,761a991fbb6c16761c96dd273c291319
230307L00019836,Disturbance - General,2023-03-07 10:44:25.473,1200 BLOCK BROADWAY,32.606672,-117.079998,761a991fbb6c16761c96dd273c291319
230307L00019834,Disturbance - General,2023-03-07 10:37:14.420,800 BLOCK PASEO DEL REY,32.636486,-117.028731,761a991fbb6c16761c96dd273c291319
230307L00019835,SRO Meet with Admin,2023-03-07 10:41:26.797,600 BLOCK FLOWER ST,32.6432,-117.094181,761a991fbb6c16761c96dd273c291319
230307L00019848,Fraud/Forgery,2023-03-07 11:17:35.927,900 BLOCK STRAWBERRY CREEK ST,32.619202,-117.014388,761a991fbb6c16761c96dd273c291319
230307L00019845,Narcotics,2023-03-07 11:10:11.350,1900 BLOCK STYLUS ST,32.619118,-116.967129,761a991fbb6c16761c96dd273c291319
230307L00019839,Vehicle Theft,2023-03-07 10:50:58.930,200 BLOCK LANDIS AV,32.644289,-117.082272,761a991fbb6c16761c96dd273c291319
230307L00019829,Police Impound,2023-03-07 10:32:11.550,1600 BLOCK MAPLE DR,32.597464,-117.043166,761a991fbb6c16761c96dd273c291319
230307L00019851,Lost Property,2023-03-07 11:21:28.217,300 BLOCK TROUSDALE DR,32.654582,-117.085753,761a991fbb6c16761c96dd273c291319
230307L00019843,SRO Weapon at School,2023-03-07 11:04:01.717,1600 BLOCK SANTA ALEXIA AV,32.615216,-116.992214,761a991fbb6c16761c96dd273c291319
230307L00019854,Incident Follow Up,2023-03-07 11:24:38.547,800 BLOCK SECOND AV,32.625025,-117.069066,761a991fbb6c16761c96dd273c291319
230307L00019842,[Protected Call Type],2023-03-07 10:56:22.293,1200 BLOCK WAXWING LN,32.618036,-117.036616,761a991fbb6c16761c96dd273c291319
230307L00019844,SRO Campus Visit Greet,2023-03-07 11:06:29.343,1100 BLOCK E J ST,32.629715,-117.011499,761a991fbb6c16761c96dd273c291319
230307L00019838,Missing Person,2023-03-07 10:44:58.367,300 BLOCK FOURTH AV,32.639993,-117.083982,e4ed3f754ee966717c2f5345e6ec12a8
230307L00019849,[Protected Call Type],2023-03-07 11:16:58.340,500 BLOCK CLAIRE AV,32.638842,-117.060817,e4ed3f754ee966717c2f5345e6ec12a8
230307L00019841,Police Impound,2023-03-07 10:56:20.393,800 BLOCK RIVERLAWN AV,32.620151,-117.086516,e4ed3f754ee966717c2f5345e6ec12a8
230307L00019828,Traffic Collision,2023-03-07 10:23:19.063,2200 BLOCK OTAY LAKES RD,32.648029,-116.966389,e4ed3f754ee966717c2f5345e6ec12a8
230307L00019847,Citizen Flagged Officer Down,2023-03-07 11:14:24.517,600 BLOCK OXFORD ST,32.606672,-117.079998,e4ed3f754ee966717c2f5345e6ec12a8
230307L00019833,Vandalism,2023-03-07 10:38:46.300,400 BLOCK BROADWAY,32.634152,-117.090964,e4ed3f754ee966717c2f5345e6ec12a8
230307L00019831,Incident Follow Up,2023-03-07 10:36:26.553,1400 BLOCK BROADWAY,32.60219,-117.078244,e4ed3f754ee966717c2f5345e6ec12a8
230307L00019836,Disturbance - General,2023-03-07 10:44:25.473,1200 BLOCK BROADWAY,32.606672,-117.079998,e4ed3f754ee966717c2f5345e6ec12a8
230307L00019834,Disturbance - General,2023-03-07 10:37:14.420,800 BLOCK PASEO DEL REY,32.636486,-117.028731,e4ed3f754ee966717c2f5345e6ec12a8
230307L00019835,SRO Meet with Admin,2023-03-07 10:41:26.797,600 BLOCK FLOWER ST,32.6432,-117.094181,e4ed3f754ee966717c2f5345e6ec12a8
230307L00019848,Fraud/Forgery,2023-03-07 11:17:35.927,900 BLOCK STRAWBERRY CREEK ST,32.619202,-117.014388,e4ed3f754ee966717c2f5345e6ec12a8
230307L00019845,Narcotics,2023-03-07 11:10:11.350,1900 BLOCK STYLUS ST,32.619118,-116.967129,e4ed3f754ee966717c2f5345e6ec12a8
230307L00019839,Vehicle Theft,2023-03-07 10:50:58.930,200 BLOCK LANDIS AV,32.644289,-117.082272,e4ed3f754ee966717c2f5345e6ec12a8
230307L00019829,Police Impound,2023-03-07 10:32:11.550,1600 BLOCK MAPLE DR,32.597464,-117.043166,e4ed3f754ee966717c2f5345e6ec12a8
230307L00019827,Disturbance - Homeless-Related,2023-03-07 10:22:03.663,1600 BLOCK FRESNO AV,32.597552,-117.066828,e4ed3f754ee966717c2f5345e6ec12a8
230307L00019843,SRO Weapon at School,2023-03-07 11:04:01.717,1600 BLOCK SANTA ALEXIA AV,32.615216,-116.992214,e4ed3f754ee966717c2f5345e6ec12a8
230307L00019842,[Protected Call Type],2023-03-07 10:56:22.293,1200 BLOCK WAXWING LN,32.618036,-117.036616,e4ed3f754ee966717c2f5345e6ec12a8
230307L00019844,SRO Campus Visit Greet,2023-03-07 11:06:29.343,1100 BLOCK E J ST,32.629715,-117.011499,e4ed3f754ee966717c2f5345e6ec12a8
230422L00033739,False Alarm - Undefined,2023-04-22 05:04:43.013,3400 BLOCK MAIN ST,32.594896,-117.060241,ae6d030fdd61743438a442afacf2233c
230422L00033740,False Alarm - Undefined,2023-04-22 05:28:47.483,1300 BLOCK THIRD AV,32.606636,-117.066401,ae6d030fdd61743438a442afacf2233c
230422L00033741,Vandalism,2023-04-22 05:33:02.247,1700 BLOCK REGENCY WY,32.593115,-117.043929,ae6d030fdd61743438a442afacf2233c
230417L00032164,Traffic Collision,2023-04-17 13:29:25.883,700 BLOCK E ST,32.639895,-117.097631,129d99ffa2aebed2886cca607e5f6c36
230417L00032165,Emergency Call Hang-Up,2023-04-17 13:39:12.723,500 BLOCK THIRD AV,32.633033,-117.077396,129d99ffa2aebed2886cca607e5f6c36
230417L00032159,Disturbance - General,2023-04-17 13:22:30.430,800 BLOCK BROADWAY,32.62046,-117.085418,129d99ffa2aebed2886cca607e5f6c36
230417L00032153,[Protected Call Type],2023-04-17 13:06:11.170,500 BLOCK TELEGRAPH CANYON RD,32.627682,-117.041767,129d99ffa2aebed2886cca607e5f6c36
230417L00032167,Unknown Problem,2023-04-17 13:44:55.730,1400 BLOCK RIDGEBACK RD,32.64611,-117.003833,129d99ffa2aebed2886cca607e5f6c36
230417L00032149,SRO Campus Visit Greet,2023-04-17 12:47:33.530,50 BLOCK FLOWER ST,32.649506,-117.072849,129d99ffa2aebed2886cca607e5f6c36
230417L00032156,Civil Dispute,2023-04-17 13:14:55.840,1000 BLOCK OAKLAWN AV,32.612689,-117.085776,129d99ffa2aebed2886cca607e5f6c36
230417L00032155,SRO Meet with Admin,2023-04-17 13:14:46.990,700 BLOCK I ST,32.626281,-117.091876,129d99ffa2aebed2886cca607e5f6c36
230417L00032157,Disabled Vehicle,2023-04-17 13:17:53.897,1200 BLOCK OLYMPIC PW,32.639967,-116.984669,129d99ffa2aebed2886cca607e5f6c36
230417L00032154,Extra Patrol,2023-04-17 13:13:06.993,300 BLOCK ORANGE AV,32.60166,-117.064521,129d99ffa2aebed2886cca607e5f6c36
230417L00032160,[Protected Call Type],2023-04-17 13:23:37.067,300 BLOCK TROUSDALE DR,32.654582,-117.085753,129d99ffa2aebed2886cca607e5f6c36
230417L00032162,Police Impound,2023-04-17 13:28:27.987,1700 BLOCK ORION AV,32.615554,-116.964042,129d99ffa2aebed2886cca607e5f6c36
230417L00032152,Assault,2023-04-17 12:56:17.147,1600 BLOCK PASEO CORVUS,32.631097,-116.935085,129d99ffa2aebed2886cca607e5f6c36
230417L00032163,SRO Lockdown Secure Campus Drill,2023-04-17 13:33:27.237,1900 BLOCK HILLSIDE DR,32.657469,-116.982313,129d99ffa2aebed2886cca607e5f6c36
230417L00032166,SRO Lockdown Secure Campus Drill,2023-04-17 13:43:47.567,1900 BLOCK HILLSIDE DR,32.657469,-116.982313,129d99ffa2aebed2886cca607e5f6c36
230417L00032150,,2023-04-17 12:53:47.000,1600 BLOCK METRO AV,32.619162,-116.966619,129d99ffa2aebed2886cca607e5f6c36
230417L00032158,Fraud/Forgery,2023-04-17 13:22:15.527,2400 BLOCK FALCON VALLEY DR,32.658833,-116.965699,129d99ffa2aebed2886cca607e5f6c36
230410L00030035,Lost Property,2023-04-10 13:22:17.173,300 BLOCK BROADWAY,32.637314,-117.092607,995bd181b7de0ba6cf5d7b1d32f4bf00
230410L00030024,Indecent Exposure,2023-04-10 12:47:00.193,1200 BLOCK NACION AV,32.617918,-117.040073,995bd181b7de0ba6cf5d7b1d32f4bf00
230410L00030026,Incident Follow Up,2023-04-10 12:52:47.707,60 BLOCK THIRD AV,32.649046,-117.083099,995bd181b7de0ba6cf5d7b1d32f4bf00
230410L00030025,Missing Person,2023-04-10 12:51:24.350,100 BLOCK THIRD AV,32.648056,-117.082573,995bd181b7de0ba6cf5d7b1d32f4bf00
230410L00030031,Disturbance - General,2023-04-10 13:20:31.860,3000 BLOCK MAIN ST,32.594919,-117.069037,995bd181b7de0ba6cf5d7b1d32f4bf00
230410L00030029,Police Impound,2023-04-10 13:15:15.250,600 BLOCK GRETCHEN RD,32.63503,-117.058569,995bd181b7de0ba6cf5d7b1d32f4bf00
230410L00030028,[Protected Call Type],2023-04-10 12:57:49.353,500 BLOCK GUAVA AV,32.631987,-117.081811,995bd181b7de0ba6cf5d7b1d32f4bf00
230410L00030023,Fraud/Forgery,2023-04-10 12:38:11.770,100 BLOCK E ORANGE AV,32.600206,-117.046467,995bd181b7de0ba6cf5d7b1d32f4bf00
230515L00040704,Police Impound,2023-05-15 09:31:55.620,200 BLOCK CHURCH AV,32.644873,-117.080214,aba946ed19cd92339f5412c8c5bd5eaa
230515L00040705,SRO Misc,2023-05-15 09:36:00.587,1200 BLOCK SECOND AV,32.611228,-117.063684,aba946ed19cd92339f5412c8c5bd5eaa
230515L00040716,Traffic Hazard,2023-05-15 09:54:32.223,1100 BLOCK THIRD AV,32.612326,-117.068746,aba946ed19cd92339f5412c8c5bd5eaa
230515L00040706,Grand Theft > $950,2023-05-15 09:32:46.537,1900 BLOCK STRATA ST,32.613987,-116.964067,aba946ed19cd92339f5412c8c5bd5eaa
230515L00040710,Assault,2023-05-15 09:47:15.673,400 BLOCK THIRD AV,32.637627,-117.078745,aba946ed19cd92339f5412c8c5bd5eaa
230515L00040703,SRO Campus Visit Greet,2023-05-15 09:27:56.553,50 BLOCK FLOWER ST,32.649506,-117.072849,aba946ed19cd92339f5412c8c5bd5eaa
230515L00040713,Petty Theft <=$950,2023-05-15 09:45:58.187,1400 BLOCK LAKE CREST DR,32.630915,-116.941392,aba946ed19cd92339f5412c8c5bd5eaa
230515L00040717,Traffic Collision,2023-05-15 10:00:22.343,700 BLOCK PASO DE LUZ,32.623054,-117.023668,aba946ed19cd92339f5412c8c5bd5eaa
230515L00040711,Assault,2023-05-15 09:44:43.403,1300 BLOCK HILLTOP DR,32.610038,-117.054174,aba946ed19cd92339f5412c8c5bd5eaa
230515L00040715,Burglary - Commercial,2023-05-15 09:54:03.210,1700 BLOCK METRO AV,32.618647,-116.966673,aba946ed19cd92339f5412c8c5bd5eaa
230515L00040714,Police Impound,2023-05-15 09:54:06.597,1300 BLOCK VISTA SONRISA AV,32.628664,-116.984021,aba946ed19cd92339f5412c8c5bd5eaa
230515L00040712,SRO Meet with Admin,2023-05-15 09:44:48.160,1900 BLOCK HILLSIDE DR,32.657469,-116.982313,aba946ed19cd92339f5412c8c5bd5eaa
230515L00040719,Arrest Felony,2023-05-15 10:05:30.040,1 BLOCK DATE AV,32.649347,-117.092807,aba946ed19cd92339f5412c8c5bd5eaa
230515L00040707,Collision - No Details,2023-05-15 09:38:58.547,1400 BLOCK ALBANY AV,32.601241,-117.058085,aba946ed19cd92339f5412c8c5bd5eaa
230515L00040718,Disturbance - General,2023-05-15 10:05:58.640,1500 BLOCK E H ST,32.644728,-116.998857,aba946ed19cd92339f5412c8c5bd5eaa
230514L00040413,Disturbance - General,2023-05-14 00:00:03.570,700 BLOCK E ST,32.639895,-117.097631,cf32bcbcbc55e9275e80b0a0375b7a2c
230513L00040410,Death,2023-05-13 23:53:45.757,700 BLOCK THIRD AV,32.627346,-117.074508,cf32bcbcbc55e9275e80b0a0375b7a2c
230514L00040419,Citizen Flagged Officer Down,2023-05-14 00:32:49.053,1000 BLOCK BROADWAY,32.613564,-117.082719,cf32bcbcbc55e9275e80b0a0375b7a2c
230514L00040424,[Protected Call Type],2023-05-14 00:43:21.117,1000 BLOCK BROADWAY,32.613564,-117.082719,cf32bcbcbc55e9275e80b0a0375b7a2c
230513L00040412,Suspicious Person,2023-05-13 23:55:07.280,800 BLOCK REGULO PL,32.641815,-117.00975,cf32bcbcbc55e9275e80b0a0375b7a2c
230513L00040411,Drunk Driver,2023-05-13 23:55:42.857,1100 BLOCK SECOND AV,32.614677,-117.065031,cf32bcbcbc55e9275e80b0a0375b7a2c
230514L00040426,False Alarm - Undefined,2023-05-14 00:46:06.290,900 BLOCK OTAY LAKES RD,32.642264,-116.993702,cf32bcbcbc55e9275e80b0a0375b7a2c
230514L00040414,Disturbance - General,2023-05-13 23:59:56.777,800 BLOCK LAZO CT,32.637871,-117.02695,cf32bcbcbc55e9275e80b0a0375b7a2c
230514L00040416,Unknown Problem,2023-05-14 00:22:06.520,400 BLOCK E ST,32.643285,-117.085459,cf32bcbcbc55e9275e80b0a0375b7a2c
230514L00040422,Water Leak,2023-05-14 00:38:15.357,400 BLOCK K ST,32.623047,-117.077232,cf32bcbcbc55e9275e80b0a0375b7a2c
230514L00040418,[Protected Call Type],2023-05-14 00:25:39.010,1600 BLOCK PASEO LYRA,32.630562,-116.934224,cf32bcbcbc55e9275e80b0a0375b7a2c
230514L00040425,Drunk Driver,2023-05-14 00:45:07.463,200 BLOCK CENTER ST,32.641081,-117.077457,cf32bcbcbc55e9275e80b0a0375b7a2c
230818L00070724,Disturbance - General,2023-08-18 20:36:15.960,700 BLOCK PLAZA CT,32.637261,-117.030105,54de34da0122f0858032c0b8020d905e
230818L00070721,Assault,2023-08-18 20:28:34.180,900 BLOCK OTAY LAKES RD,32.642264,-116.993702,54de34da0122f0858032c0b8020d905e
230818L00070719,Attempt Suicide,2023-08-18 20:15:49.507,1700 BLOCK THOMPSON AV,32.614926,-116.979106,54de34da0122f0858032c0b8020d905e
230818L00070728,Person Down,2023-08-18 21:07:24.813,E OXFORD ST & OASIS AV,32.619326,-117.037139,54de34da0122f0858032c0b8020d905e
230818L00070726,Disturbance - General,2023-08-18 20:45:30.160,300 BLOCK E H ST,32.640562,-117.052185,54de34da0122f0858032c0b8020d905e
230818L00070722,Non-Injury Collision,2023-08-18 20:31:11.220,800 BLOCK E H ST,32.63584,-117.029284,54de34da0122f0858032c0b8020d905e
230818L00070727,Vehicle Tampering,2023-08-18 20:48:10.313,700 BLOCK E PALOMAR ST,32.603763,-117.08561,54de34da0122f0858032c0b8020d905e
230818L00070720,Disturbance - General,2023-08-18 20:18:16.733,2000 BLOCK ELEMENT WY,32.613299,-116.962213,54de34da0122f0858032c0b8020d905e
230818L00070725,Disturbance - General,2023-08-18 20:40:20.077,1600 BLOCK HIMMER CT,32.619059,-116.972897,54de34da0122f0858032c0b8020d905e
