,lat_map,lon_map,time,id,date,time_s,address_map,incident_id,type,department,clean-type,match,drone-date
42,32.6031576,-117.0851599,11:56am,1b9da2f712c3bfe83a34a1644f5e17c2,2021-07-03,11:56am,1265 Industrial Blvd.,CVL54906,Welfare Check,cvpd,welfare check,54906,2021-07-03 11:56:00
69,32.6358678,-117.0992377,12:17pm,05c9541c8bfa0db405415926eb6e09e6,2021-07-05,12:17pm,800 Lagoon Dr.,CVL55639,Subject Causing Disturbance,cvpd,subject causing disturbance,55639,2021-07-05 12:17:00
70,32.608699,-117.081237,12:04pm,29ea6b19fc4d39ef9714bea73d7368f5,2021-07-05,12:04pm,1130 Broadway,CVL55637,Traffic Hazard,cvpd,traffic hazard,55637,2021-07-05 12:04:00
91,32.6174279,-117.07165701,5:00pm,8dc1e141829cd5dd3993c4e4f6057534,2021-07-07,5:00pm,330 Moss St,,,cvpd,,nan,2021-07-07 17:00:00
125,32.6061695,-117.0548518,3:30pm,b36caa87e3c346b92a9bb0778ee58cf2,2021-07-09,3:30pm,1400 TOBIAS,L056969,FAMILY DISTURBANCE,cvpd,family disturbance,56969,2021-07-09 15:30:00
153,32.6099128,-117.0816837,2:30pm,3360bd2bd0e4351719cf1c72f5f00e92,2021-07-11,2:30pm,1100 BROADWAY,L057593,MENTAL ISSUE,cvpd,mental issue,57593,2021-07-11 14:30:00
154,32.6100196,-117.0912704,1:52pm,1d5da18367bfe212e37f4e404d969b95,2021-07-11,1:52pm,1031 BAY,L057580,PERSON DOWN,cvpd,person down,57580,2021-07-11 13:52:00
204,32.6099128,-117.0816837,12:32pm,cb9edf40d2767fc4681ab1faa7ad56c8,2021-07-13,12:32pm,1100 Broadway,CVL58157,Traffic Hazard,cvpd,traffic hazard,58157,2021-07-13 12:32:00
234,32.6066251,-117.0829019,12:37pm,9ad49a237e7aa1ab29bc358db58c3b64,2021-07-15,12:37pm,1150 BROADWAY,L058737,VEHICLE BURGLARY,cvpd,vehicle burglary,58737,2021-07-15 12:37:00
238,32.6105634,-117.0809942,9:57am,5b2ab7083df85743c9680ef0ff6cab2d,2021-07-15,9:57am,1097 BROADWAY,L058683,PERSON CAUSING A DISTURBANCE,cvpd,person causing a disturbance,58683,2021-07-15 09:57:00
246,32.61368,-117.0828014,1:29pm,e241b6b5ede7cca487e5e2ddd8a6763b,2021-07-16,1:29pm,600 Moss St.,CVL59035,Vehicle Theft,cvpd,vehicle theft,59035,2021-07-16 13:29:00
256,32.60659,-117.0844,4:03pm,69fd8625c3bddc25dc1098bbe5afc0af,2021-07-16,4:03pm,670 Oxford St.,CVL59060,Subject Causing Disurbance,cvpd,subject causing disurbance,59060,2021-07-16 16:03:00
262,32.6064137,-117.0799776,11:33am,988a459a1753ab9d4f7366e3640b6696,2021-07-16,11:33am,Broadway/ Oxford St.,CVL58995,Traffic Hazard,cvpd,traffic hazard,58995,2021-07-16 11:33:00
290,32.6066251,-117.0829019,2:59pm,7d66112f14584853ae4cdbf4892e95ad,2021-07-17,2:59pm,1150 Broadway,CVL59371,Subject Causing Disturbance,cvpd,subject causing disturbance,59371,2021-07-17 14:59:00
301,32.603989,-117.0856962,1:41pm,60f3ff4dad2d2b7f4642fab54e6afed4,2021-07-18,1:41pm,Industrial Blvd./ Palomar St.,CVL59649,Collision,cvpd,collision,59649,2021-07-18 13:41:00
338,32.6050972,-117.0724577,2:17pm,d532044e58ee115c540e8543468bcc0d,2021-07-20,2:17pm,Palomar St./ I-5,CVL60210,DUI,cvpd,dui,60210,2021-07-20 14:17:00
354,32.6384136,-117.0935654,4:34pm,2c3a86130a8dae8431fd47111092ea70,2021-07-21,4:34pm,1100 INDUSTRIAL,L60650,VEHICLE BURGLARY,cvpd,vehicle burglary,60650,2021-07-21 16:34:00
386,32.6066407,-117.0843813,10:19am,64b39594c7388dc8ac9a842e7194c55f,2021-07-22,10:19am,670 OXFORD,L060859,ARMED PERSON,cvpd,armed person,60859,2021-07-22 10:19:00
502,32.6042281,-117.0880386,10:08am,ce08f738e39c4684f6543be1ce7ff3d7,2021-07-26,10:08am,Walnut Ave./ Palomar St.,CVL62057,Robbery,cvpd,robbery,62057,2021-07-26 10:08:00
514,32.60659,-117.0844,1:46pm,22c16cf7fd3efc4907401727a09223ac,2021-07-27,1:46pm,670 Oxford St.,CVL62431,Welfare Check,cvpd,welfare check,62431,2021-07-27 13:46:00
652,32.6122428,-117.0879862,2:11pm,b6c1494f4e9d71ff6e9530e6d47527dc,2021-08-02,2:11pm,1000 Colorado Ave.,CVL64142,Suspicious Person,cvpd,suspicious person,64142,2021-08-02 14:11:00
700,32.6023583,-117.0924666,10:12am,a97387c36aac7689667ba3bccc835220,2021-08-04,10:12am,1400 BAY BLVD,L064649,STOLEN CAR,cvpd,stolen car,64649,2021-08-04 10:12:00
717,32.6055125,-117.0817067,10:45am,6abd8a677610315eea93b00d66117634,2021-08-05,10:45am,635 OXFORD,L065027,BURGLARY,cvpd,burglary,65027,2021-08-05 10:45:00
738,32.6047624,-117.0810631,4:22pm,2166c8edb3f1e8936edf4e424c2259bf,2021-08-07,4:22pm,1240 BROADWAY,L065700,WEAPON THREAT/KNIFE,cvpd,weapon threat/knife,65700,2021-08-07 16:22:00
788,32.6099128,-117.0816837,5:13pm,930b6befe5aac8a03d7961ba11bb333c,2021-08-10,5:13pm,1100 Broadway,CVL66545,Suspicious Person,cvpd,suspicious person,66545,2021-08-10 17:13:00
795,32.6099128,-117.0816837,12:22pm,61b7fa8650ac07af6f42580701305d97,2021-08-10,12:22pm,1100 Broadway,CVL66446,Suspicious Vehicle ,cvpd,suspicious vehicle,66446,2021-08-10 12:22:00
796,32.6099128,-117.0816837,10:17am,a3a7658fe5ff8f5967aa0d42fd0f95c6,2021-08-10,10:17am,1100 Broadway,CVL66418,Subject Causing Disturbance,cvpd,subject causing disturbance,66418,2021-08-10 10:17:00
911,32.608699,-117.081237,10:05am,68ef4a54b7d806c0c067418ac2fa0619,2021-08-17,10:05am,1130 Broadway,CVL68651,Subject Causing Disturbance,cvpd,subject causing disturbance,68651,2021-08-17 10:05:00
956,32.603427,-117.083756,12:49pm,729086519aca2eeac4d3d15c0c452624,2021-08-19,12:49pm,PALOMAR/INDUSTRIAL,L069327,HIT AND RUN VEHICLE,cvpd,hit and run vehicle,69327,2021-08-19 12:49:00
1042,32.6080588,-117.0925272,9:27am,d5ef6fd34a8fc68c4d0bf590b6a9e146,2021-08-23,9:27am,1100 Bay Blvd.,CVL70506,Suspicious Person,cvpd,suspicious person,70506,2021-08-23 09:27:00
1077,32.61737876,-117.07164216,11:32am,0014e0f259813a605267a7f52512e0b5,2021-08-25,11:32am,INDUSTRIAL/NAPLES,L071183,FIRE,cvpd,fire,71183,2021-08-25 11:32:00
1125,32.608699,-117.081237,9:59am,b9d264a334d49e7f41df7ea074972275,2021-08-27,9:59am,1130 BROADWAY,L071789,TRAFFIC DISPUTE,cvpd,traffic dispute,71789,2021-08-27 09:59:00
1136,32.6095311313918,-117.081871266502,10:12pm,e669634e26085bd5899ae49656fcdb15,2021-08-28,10:12pm,1100 Broadway,L072272,Subject with a gun,cvpd,subject with a gun,72272,2021-08-28 22:12:00
1195,32.608699,-117.081237,12:45pm,611a55bbd90457430bfd37269efdd10e,2021-08-31,12:45pm,1130 Broadway,CVL73086,Suspicious Person,cvpd,suspicious person,73086,2021-08-31 12:45:00
1223,32.60443,-117.088395,1:30pm,82d60155a7059002002601824952c3da,2021-09-02,1:30pm,800 PALOMAR,L073415,DUI,cvpd,dui,73415,2021-09-02 13:30:00
1261,32.6072209,-117.0794542,3:49pm,b80b9c3c9a36d0f9b4b043a21863eee8,2021-09-04,3:49pm,1193 BROADWAY,L074396,PERSON CAUSING A DISTURBANCE,cvpd,person causing a disturbance,74396,2021-09-04 15:49:00
1298,32.6055823,-117.0877553,5:15pm,55edc85e982fb21e73be2d000d3be1bd,2021-09-06,5:15pm,1100 Trenton Ave.,CVL74986,Subject Causing Disturbance,cvpd,subject causing disturbance,74986,2021-09-06 17:15:00
1305,32.6398674,-116.9751662,1:00pm,2235298a5aee3cdb2fe6ea237af28593,2021-09-06,1:00pm,1100 Walnut Ave.,CVL74939,Welfare Check,cvpd,welfare check,74939,2021-09-06 13:00:00
1358,32.6031467,-117.0879353,12:35pm,6b03b0e7d3d2f92059105e017e9f669c,2021-09-09,12:35pm,1225 FRONTAGE,L075816,SUSPICIOUS PERSON,cvpd,suspicious person,75816,2021-09-09 12:35:00
1394,32.608699,-117.081237,12:42pm,7701c2e8220289a27678e9a414577059,2021-09-12,12:42pm,1130 Broadway,CVL76804,Subject Causing Disturbance,cvpd,subject causing disturbance,76804,2021-09-12 12:42:00
1445,32.61738697,-117.0716505,12:07pm,9283cd73e49463e2f8a5c53762a23b1a,2021-09-16,12:07pm,330 Moss St,,,cvpd,,nan,2021-09-16 12:07:00
1459,32.6087862,-117.0777303,2:35pm,7f34275bda301db8772901682449d6ef,2021-09-16,2:35pm,550 OXFORD,L078008,INDECENT EXPOSURE,cvpd,indecent exposure,78008,2021-09-16 14:35:00
1527,32.61737534,-117.07163256,1:57pm,baac552fb830a90d3052471df5e9d689,2021-09-19,1:57pm,3RD/NAPLES,L078957,PERSON CAUSING A DISTURBANCE,cvpd,person causing a disturbance,78957,2021-09-19 13:57:00
1538,32.6178394,-117.091341,4:57pm,0aefeecb899f79699d5361a8bcb47632,2021-09-20,4:57pm,I-5/ Palomar St.,CVL79282,Traffic Hazard,cvpd,traffic hazard,79282,2021-09-20 16:57:00
1554,32.6067906,-117.0800823,4:54pm,ab4cc03c42c820eb843dcb08d78e8a7a,2021-09-21,4:54pm,600 Oxford St.,CVL79544,Subject Causing Disturbance,cvpd,subject causing disturbance,79544,2021-09-21 16:54:00
1600,32.600441,-117.0899845,10:21am,65010878a2a1f9d50728301f5c502e0c,2021-09-24,10:21am,Dorothy St/ W Frontage Rd,CV2112105,Assault with a Deadly Weapon,cvpd,assault with a deadly weapon,12105,2021-09-24 10:21:00
1602,32.60443,-117.088395,9:01am,e445b5e9048c23c8f22509177753dd8a,2021-09-24,9:01am,800 Palomar Street,CVL080306,Domestic Violence,cvpd,domestic violence,80306,2021-09-24 09:01:00
1611,32.6047624,-117.0810631,1:16pm,b702be18da55e0c21ad2de9f3c8bb842,2021-09-25,1:16pm,1240 Broadway,CVL80723,Weapon Threat,cvpd,weapon threat,80723,2021-09-25 13:16:00
1624,32.6178394,-117.091341,5:45pm,8d67d56c0fbc9bb74776e8ad653cfd3d,2021-09-26,5:45pm,I-5/ Main St.,CVL81047,Collision,cvpd,collision,81047,2021-09-26 17:45:00
1686,32.6066407,-117.0843813,12:18pm,36300cf465a3726d5545ff5bc438d021,2021-09-30,12:18pm,670 OXFORD,L082122,OVERDOSE,cvpd,overdose,82122,2021-09-30 12:18:00
1729,32.6067906,-117.0800823,2:05pm,913d18e7064f7ffb3348cbc68fac246a,2022-01-03,2:05pm,600 Oxford St.,CVL0668,Suspicious Person ,cvpd,suspicious person,00668,2022-01-03 14:05:00
1731,32.599303,-117.0912224,3:52pm,d0cbf162be36879677d3ee0beb6751ed,2022-01-04,3:52pm,Bay Blvd./ Anita St.,CVL0986,Suspicious Person,cvpd,suspicious person,00986,2022-01-04 15:52:00
1735,32.609695,-117.0833681,1:56pm,3e0a5b2c869224ec6dd895de70626f0b,2022-01-04,1:56pm,Naples St./ Jefferson Ave.,CVL0943,Welfare Check,cvpd,welfare check,00943,2022-01-04 13:56:00
1749,32.6105634,-117.0809942,11:32am,e7f21726c9ab6988d634e39bc3de5e94,2022-01-04,11:32am,1097 Broadway,CVL0937,Welfare Check,cvpd,welfare check,00937,2022-01-04 11:32:00
1791,32.7207914,-117.1590987,12:38pm,5735eba4e04ee40f9e062c50b4b97ff3,2022-01-08,12:38pm,1475 Bay,L002040,Stolen Vehicle,cvpd,stolen vehicle,02040,2022-01-08 12:38:00
1822,32.61741958,-117.07164607,11:31am,50935bcdf5e4f9f23d3ed53be763fd88,2022-01-10,11:31am,1200 Broadway,CVL2517,Subject Causing Disturbance,cvpd,subject causing disturbance,02517,2022-01-10 11:31:00
1824,32.6080588,-117.0925272,9:05am,08590f58f46fbce165ed324f97d45f74,2022-01-10,9:05am,1100 Bay Blvd.,CVL2500,Suspicious Person,cvpd,suspicious person,02500,2022-01-10 09:05:00
1845,32.6105634,-117.0809942,1:14pm,84dd2347ba53c9e211652a1f0f7969bb,2022-01-12,1:14pm,1097 Broadway,CVL3152,Fight,cvpd,fight,03152,2022-01-12 13:14:00
1849,32.603989,-117.0856962,4:27pm,d0a78e76f87e8a2eac7453fb01d2d30b,2022-01-12,4:27pm,Palomar St./ Industrial Blvd.,CVL3127,Welfare Check,cvpd,welfare check,03127,2022-01-12 16:27:00
1867,32.6040991,-117.0867476,11:29am,1d2578462e79f71258c265f077b35fa7,2022-01-13,11:29am,Palomar St./ Trenton Ave.,CVL3413,Welfare Check,cvpd,welfare check,03413,2022-01-13 11:29:00
1868,32.6031576,-117.0851599,11:18am,96c2eb0d24fc865e0cce3f2772ba5b2f,2022-01-13,11:18am,1265 Industrial Blvd.,CVL3411,Vehicle Burglary,cvpd,vehicle burglary,03411,2022-01-13 11:18:00
1895,32.6099128,-117.0816837,11:17am,e9cf2cfae1873ff9b86ebe30d36cbe19,2022-01-16,11:17am,Broadway (1100 Block),CVL04225,Mental Subject Eval,cvpd,mental subject eval,04225,2022-01-16 11:17:00
1942,32.6067906,-117.0800823,2:14pm,87a018b052b4c6044af17c3f88c3dadf,2022-01-19,2:14pm,600 Oxford St.,CVL5100,Theft,cvpd,theft,05100,2022-01-19 14:14:00
1949,32.6178394,-117.091341,8:09am,18d573f355b2a1b8c0f0f54ee022937e,2022-01-19,8:09am,I-5/ Palomar St.,CVL4960,Subject Causing Disturbance,cvpd,subject causing disturbance,04960,2022-01-19 08:09:00
2008,32.6047714,-117.0879813,9:59am,97413fa1d04c9e8679bf95a4ffa7178b,2022-01-23,9:59am,1187 Walnut,L006202,Person Causing a Disturbance,cvpd,person causing a disturbance,06202,2022-01-23 09:59:00
2018,32.6066251,-117.0829019,8:51am,f6e6ae182a8ec41597ebbf0eb6d96829,2022-01-24,8:51am,1150 Broadway,CVL6430,Gas Leak,cvpd,gas leak,06430,2022-01-24 08:51:00
2025,32.6105634,-117.0809942,2:01pm,7062ecce9dd0c6c55b5cbfb42492547e,2022-01-25,2:01pm,1097 Broadway,CVL6837,Fight ,cvpd,fight,06837,2022-01-25 14:01:00
2031,32.6102258,-117.0814539,10:12am,1aad9966e5ecda6ecfbdb2cedcd0fe74,2022-01-25,10:12am,600 Naples St.,CVL6762,Subject Causing Disturbance,cvpd,subject causing disturbance,06762,2022-01-25 10:12:00
2041,32.6066251,-117.0829019,4:28pm,281390ad81a5fcae7bd8200494f32821,2022-01-26,4:28pm,1150 Broadway,CVL7172,Robbery,cvpd,robbery,07172,2022-01-26 16:28:00
2124,32.6174068,-117.07164427,12:49pm,3f185ffbb9840a3e0fb9a6ba86436703,2022-01-31,12:49pm,1200 Broadway,CVL8653,Suspicious Person,cvpd,suspicious person,08653,2022-01-31 12:49:00
2132,32.60443,-117.088395,4:25pm,40f043acf749a84568e47416ccf28e6a,2022-02-01,4:25pm,800 Palomar St.,CVL9043,Domestic Violence,cvpd,domestic violence,09043,2022-02-01 16:25:00
2154,32.608699,-117.081237,12:36pm,9cea82f0cde1d6c2b2d648d68688c4c3,2022-02-02,12:36pm,1130 Broadway,CVL9299,Fraud Attempt,cvpd,fraud attempt,09299,2022-02-02 12:36:00
2175,32.6040944,-117.0880519,10:52am,27e7f027cdaf1f47ab30c042730db820,2022-02-03,10:52am,Frontage Rd./ Palomar St.,CVL9597,Vehicle Theft,cvpd,vehicle theft,09597,2022-02-03 10:52:00
2186,32.6025298,-117.0878706,4:09pm,c5ff21f6c7597af8a7511ff1cd0411c9,2022-02-04,4:09pm,800 Ada,L010036,Domestic Violence,cvpd,domestic violence,10036,2022-02-04 16:09:00
2201,32.5995399,-117.0898779,5:00pm,bdcc51a182fc781d4c252f27e58830c4,2022-02-05,5:00pm,800 Elise,L010354,Traffic Collision,cvpd,traffic collision,10354,2022-02-05 17:00:00
2265,32.6063724,-117.0857519,12:28pm,e6850265757db3dff92aedaf281f410a,2022-02-09,12:28pm,690 Oxford St.,CVL11409,Welfare Check,cvpd,welfare check,11409,2022-02-09 12:28:00
2274,32.6063724,-117.0857519,10:55am,848ca09a17b17c619616893f30a93b00,2022-02-09,10:55am,690 Oxford St.,CVL11383,Domestic Violence,cvpd,domestic violence,11383,2022-02-09 10:55:00
2285,32.608699,-117.081237,1:11pm,ae097640a3909376623026f72988683e,2022-02-10,1:11pm,1130 Broadway,CVL11800,Collision,cvpd,collision,11800,2022-02-10 13:11:00
2369,32.715606,-117.1536308,8:15am,e6abdf7ec39c64fc1a7f31f04c635e21,2022-02-15,8:15am,1000 Broadway,CVL13216,Assault with Deadly Weapon,cvpd,assault with deadly weapon,13216,2022-02-15 08:15:00
2372,32.6040991,-117.0867476,6:01am,5db3dcf1f5f9bb2c5e0099eca3e11260,2022-02-16,6:01am,Trenton Ave./ Palomar Ave.,CVL13480,Wanted Subject,cvpd,wanted subject,13480,2022-02-16 06:01:00
2373,32.6040991,-117.0867476,6:20am,13519f03eb350487f1e0e68e268d88c2,2022-02-16,6:20am,Trenton Ave./ Palomar St.,CVL13480,Wanted Subject,cvpd,wanted subject,13480,2022-02-16 06:20:00
2388,32.6098649,-117.0813317,9:33am,69e0e69251194f9424e54f30b17f544f,2022-02-16,9:33am,Broadway/ Naples St.,CVL13535,Welfare Check,cvpd,welfare check,13535,2022-02-16 09:33:00
2394,32.60659,-117.0844,2:36pm,2c7dae6a093e81a6d1db6aec2b5deb6f,2022-02-17,2:36pm,670 Oxford St.,CVL13965,Welfare Check,cvpd,welfare check,13965,2022-02-17 14:36:00
2442,32.61743205,-117.07166218,1:27pm,378c562e79c4660c1a581a9c08b383e0,2022-02-19,1:27pm,E L/Helix,L014485,Traffic Collision,cvpd,traffic collision,14485,2022-02-19 13:27:00
2461,32.6216355,-117.0271915,2:34pm,700324a14c3cde69c9907f1b95ed6a6c,2022-02-20,2:34pm,520 Naples,L014783,Tresspass,cvpd,tresspass,14783,2022-02-20 14:34:00
2536,32.6063724,-117.0857519,10:33am,d52be47b9c885a88afeeec74d08a6fb8,2022-02-25,10:33am,690 OXFORD ST,CVL016227,5150 NOW,cvpd,5150 now,16227,2022-02-25 10:33:00
2538,32.5989396,-117.0695936,9:09am,35e81c26fadbf63cb67e9831336fb1cf,2022-02-25,9:09am,1177 BROADWAY,CVL016204,415 SUBJECT,cvpd,415 subject,16204,2022-02-25 09:09:00
2543,32.7207914,-117.1590987,4:46pm,a17c44bf7273e6e30c010fbffaa7015b,2022-02-26,4:46pm,1475 Bay,L061601,Fire,cvpd,fire,61601,2022-02-26 16:46:00
2544,32.61742032,-117.07166415,4:22pm,5db38c165ebd136732efd81a94804155,2022-02-26,4:22pm,330 Moss St,,,cvpd,,nan,2022-02-26 16:22:00
2545,32.7207914,-117.1590987,3:51pm,a96456e1989bf02bd85b75a8f978b2a0,2022-02-26,3:51pm,1475 Bay,L016601,Fire,cvpd,fire,16601,2022-02-26 15:51:00
2571,32.6040954,-117.0912449,1:41pm,363812b940736c9d7c5aab1520061967,2022-02-27,1:41pm,873 Palomar,L016747,Person Causing a Disturbance,cvpd,person causing a disturbance,16747,2022-02-27 13:41:00
2602,32.6099128,-117.0816837,8:55am,58231a1353dcb7fa5c9f9c279d397677,2022-02-28,8:55am,1100 Broadway,CVL16998,Subject Causing Disturbance,cvpd,subject causing disturbance,16998,2022-02-28 08:55:00
2625,32.6067906,-117.0800823,11:42am,ebdff2b68a0b56ee07af2219cee82977,2022-03-01,11:42am,600 Oxford St.,CVL17328,Hit and Run,cvpd,hit and run,17328,2022-03-01 11:42:00
2637,32.6178394,-117.091341,2:39pm,4c8d2d1e7a90dc8bc0a36177e31a5c5c,2022-03-02,2:39pm,I-5/ Palomar St.,CVL17728,Collision,cvpd,collision,17728,2022-03-02 14:39:00
2655,32.6091023,-117.0854974,11:48am,c2c46d68cad8b15909ce5fa6cb0a420b,2022-03-02,11:48am,Naples St./ Woodlawn Ave.,CVL17642,Subject Causing Disturbance,cvpd,subject causing disturbance,17642,2022-03-02 11:48:00
2718,32.6066251,-117.0829019,5:05pm,2652e262ab84bcc5f907411df5db8db8,2022-03-07,5:05pm,1150 Broadway,CVL19226,Welfare Check,cvpd,welfare check,19226,2022-03-07 17:05:00
2736,32.6398674,-116.9751662,10:44am,83d7bfbeb6a088f90f532021e3c07115,2022-03-07,10:44am,1100 Walnut Ave.,CVL19117,Collision,cvpd,collision,19117,2022-03-07 10:44:00
2741,32.603989,-117.0856962,2:53pm,d020af864a8a1d00c3b83b764b5dba36,2022-03-08,2:53pm,Industrial Blvd./ Palomar St.,CVL19500 ,Reckless Driver,cvpd,reckless driver,19500,2022-03-08 14:53:00
2742,32.6066251,-117.0829019,2:32pm,402444f4a46178ad6ed26e3a10eced3f,2022-03-08,2:32pm,1150 Broadway,CVL19482,Suspicious Person,cvpd,suspicious person,19482,2022-03-08 14:32:00
2763,32.6066251,-117.0829019,1:14pm,f2a383328c00de1e85d1155f719247d7,2022-03-09,1:14pm,1150 Broadway,CVL19754,Subject Causing Disturbance,cvpd,subject causing disturbance,19754,2022-03-09 13:14:00
2860,32.6025992,-117.0775235,10:48am,06b5fefbca9935b58744a9e4eb9ca412,2022-03-12,10:48am,1355 Broadway,L020663,Stolen Car,cvpd,stolen car,20663,2022-03-12 10:48:00
2871,32.5986121,-117.0897856,11:43am,6dce7e79bd86210ef83efa52ec8af53a,2022-03-13,11:43am,1600 W Frontage,L020936,Mental Case,cvpd,mental case,20936,2022-03-13 11:43:00
2892,32.61745325,-117.07167438,2:11pm,958afd6f327905eac572bdd71ef56bbf,2022-03-14,2:11pm,1200 Broadway,CVL21239,Subject Causing Disturbance,cvpd,subject causing disturbance,21239,2022-03-14 14:11:00
2977,32.6059071,-117.0889006,1:06pm,bda38e1dfdcb1206e59811ab4a957d3e,2022-03-17,1:06pm,1150 Walnut Ave.,CVL22096,Subject Causing Disturbance,cvpd,subject causing disturbance,22096,2022-03-17 13:06:00
2981,32.6098649,-117.0813317,10:51am,720636edd0c67eaa31bf9e94996e3e6d,2022-03-17,10:51am,Broadway/ Naples St.,CVL22065,Subject Causing Disturbance,cvpd,subject causing disturbance,22065,2022-03-17 10:51:00
3014,32.6066407,-117.0843813,1:18pm,3204c587fa4ced748623786b2668afce,2022-03-18,1:18pm,670 Oxford,L022417,Person Down,cvpd,person down,22417,2022-03-18 13:18:00
3090,32.6097615,-117.0881865,2:59pm,73328a24e3cd4a98801975c649e1be73,2022-03-22,2:59pm,1100 Industrial Blvd.,CVL23551,Subject Causing Disturbance,cvpd,subject causing disturbance,23551,2022-03-22 14:59:00
3120,32.6174227,-117.07166216,1:22pm,bf139998da761f7bf7c7be8dc8a70359,2022-03-22,1:22pm,1200 Broadway,CVL23524,Subject Causing Disturbance,cvpd,subject causing disturbance,23524,2022-03-22 13:22:00
3134,32.7258781,-117.0380741,1:31pm,1670bd39c295e6f59ed1a82e3b9404bf,2022-03-23,1:31pm,2000 Main St.,CVL23802,Fire,cvpd,fire,23802,2022-03-23 13:31:00
3167,32.6091654,-117.081293,11:39am,64098a8ce2bc66da0a4da826ac222553,2022-03-24,11:39am,1120 Broadway,CVL24104,Welfare Check,cvpd,welfare check,24104,2022-03-24 11:39:00
3254,32.6060884,-117.0813389,3:36pm,609ef69d818a37eb97e80d5e6cd4e794,2022-03-31,3:36pm,1210 Broadway,CVL26023,Subject Causing Disturbance,cvpd,subject causing disturbance,26023,2022-03-31 15:36:00
3288,32.6091654,-117.081293,3:13pm,9ffafebe0521bcfe4e5f5107c27bcb81,2022-04-02,3:13pm,1120 Broadway,L026618,Wanted Person,cvpd,wanted person,26618,2022-04-02 15:13:00
3313,32.6174209,-117.07166201,10:34am,a44a932e0e254a492eca05f5ae709d9b,2022-04-03,10:34am,330 Moss St,,,cvpd,,nan,2022-04-03 10:34:00
3341,32.6178394,-117.091341,12:34pm,dc199ef35587bf6ee06698b08a81af60,2022-04-05,12:34pm,I-5/ Palomar St.,CVL27413,Welfare Check,cvpd,welfare check,27413,2022-04-05 12:34:00
3342,32.6066251,-117.0829019,12:06pm,5d8ad0534d6f79977d4424cfeabf101c,2022-04-05,12:06pm,1150 Broadway,CVL27365,Subject Causing Disturbance,cvpd,subject causing disturbance,27365,2022-04-05 12:06:00
3345,32.6099128,-117.0816837,10:05am,257363baf011d9d4b49f848bb8a82abd,2022-04-05,10:05am,1100 Broadway,CVL27358,Suspicious Person,cvpd,suspicious person,27358,2022-04-05 10:05:00
3347,32.6042281,-117.0880386,2:33pm,f29faea591aed56ece5437ffde40d96d,2022-04-05,2:33pm,Palomar St./ Walnut Ave.,CVL27444,Welfare Check,cvpd,welfare check,27444,2022-04-05 14:33:00
3364,32.61743549,-117.0716544,4:30pm,22604105f072e24f7eb92abca3d8c49f,2022-04-07,4:30pm,330 Moss St,,,cvpd,,nan,2022-04-07 16:30:00
3380,32.608699,-117.081237,11:28am,2c4d8228ea9b90c5046e5c7e7e9c3547,2022-04-07,11:28am,1130 Broadway,CVL28003,Welfare Check,cvpd,welfare check,28003,2022-04-07 11:28:00
3381,32.61746208,-117.07166594,2:43pm,79f6aa99fa3ebd8f5713c006e17602d8,2022-04-08,2:43pm,100 Broadway,,415 subject,cvpd,415 subject,nan,2022-04-08 14:43:00
3399,32.61749182,-117.07165373,1:50pm,abf53b96cffeafdb38fa391281689ad9,2022-04-08,1:50pm,330 Moss St,,,cvpd,,nan,2022-04-08 13:50:00
3423,32.5986121,-117.0897856,11:38am,9811803ed678ec720e10cd32799258bd,2022-04-10,11:38am,W Frontage Rd/ Anita St,2204732,Wanted Subject,cvpd,wanted subject,04732,2022-04-10 11:38:00
3442,32.60659,-117.0844,12:49pm,743f4b7fc5d31bd0659328c37b07549d,2022-04-11,12:49pm,670 Oxford St.,CVL29252,Suspicious Person,cvpd,suspicious person,29252,2022-04-11 12:49:00
3448,32.60659,-117.0844,11:23am,197c83321581877131063be1c257f73d,2022-04-11,11:23am,670 Oxford St.,CVL29219,Welfare Check,cvpd,welfare check,29219,2022-04-11 11:23:00
3459,32.603847,-117.0856467,11:24am,ac619e4234738b009017fc0ec3de4f76,2022-04-12,11:24am,1200 INDUSTRIAL BLVD,CVL029536,ATTEMPT VEHICLE THEFT,cvpd,attempt vehicle theft,29536,2022-04-12 11:24:00
3463,32.6112912,-117.081293,8:46am,50ab42bc64f9ed78ce53a5d10bed53d3,2022-04-12,8:46am,1000 BROADWAY ,CVL029479,VEHICLE BURGLARY ,cvpd,vehicle burglary,29479,2022-04-12 08:46:00
3490,32.6099128,-117.0816837,12:43pm,687380976bd8e396562275f1cb60523c,2022-04-14,12:43pm,1100 BROADWAY,cvl030154,DISTURBANCE,cvpd,disturbance,30154,2022-04-14 12:43:00
3510,32.6066251,-117.0829019,6:39pm,02da6abc7f7e8f57ac2ee4cad0a48fa0,2022-04-15,6:39pm,1150 Broadway,L030548,Robbery,cvpd,robbery,30548,2022-04-15 18:39:00
3518,32.61744934,-117.07166499,2:10pm,7153d55a8509d685ae0086e926d53a91,2022-04-15,2:10pm,330 Moss St,,,cvpd,,nan,2022-04-15 14:10:00
3592,32.6066251,-117.0829019,10:22am,44c7730ffba4494541e775cf8aa369d0,2022-04-19,10:22am,1150 Broadway,CVL31528,Subjects Causing Disturbance,cvpd,subjects causing disturbance,31528,2022-04-19 10:22:00
3601,32.6003732,-117.0880503,5:00pm,87f16e1ed1187af9283494aaa60ccc1e,2022-04-20,5:00pm,800 Dorothy St.,CVL32007,Welfare Check,cvpd,welfare check,32007,2022-04-20 17:00:00
3614,32.6066251,-117.0829019,1:02pm,72497104f55ece2646f0fa389833e9fd,2022-04-20,1:02pm,1150 Broadway,CVL31932,Welfare Check,cvpd,welfare check,31932,2022-04-20 13:02:00
3656,32.6173968,-117.0716741,1:22pm,25cc41e631c3a7161e2a44dbebbc3744,2022-04-24,1:22pm,1100 Industrial,L033193,Domestic Violence,cvpd,domestic violence,33193,2022-04-24 13:22:00
3686,32.6067906,-117.0800823,2:01pm,717519c57ce207b460983c7fc96714c3,2022-04-25,2:01pm,600 Oxford St.,CVL33529,Subject Causing Disturbance,cvpd,subject causing disturbance,33529,2022-04-25 14:01:00
3721,32.6090119,-117.08782,4:52pm,129a10f08dda97ded442af91b08519cc,2022-04-28,4:52pm,1100 Industrial Blvd,CVL034564,Suspicious vehicle,cvpd,suspicious vehicle,34564,2022-04-28 16:52:00
3724,32.61743043,-117.07165911,5:16pm,94c5ef1094b9efe255f20a782b72c27f,2022-04-28,5:16pm,330 Moss St,,,cvpd,,nan,2022-04-28 17:16:00
3745,32.6055125,-117.0817067,3:52pm,bbd5f81575619b91446a6cdb6c165f5a,2022-04-30,3:52pm,635 Oxford,L135130,Arson,cvpd,arson,35130,2022-04-30 15:52:00
3861,32.6173932,-117.07165087,11:49am,600f38b1a2bf90f623063abf2efa2ec1,2022-05-03,11:49am,330 Moss St,,,cvpd,,nan,2022-05-03 11:49:00
3862,32.61740135,-117.07164359,9:56am,14c3913a7b88f1edeadeb53cbae7e5f4,2022-05-03,9:56am,330 Moss St,,,cvpd,,nan,2022-05-03 09:56:00
3870,32.6083407,-117.0799139,3:52pm,34ac020284ad67c13bd99dc65f9737a2,2022-05-09,3:52pm,1177 Broadway,CVL37826,Welfare Check,cvpd,welfare check,37826,2022-05-09 15:52:00
3924,32.6099128,-117.0816837,4:46pm,ee2646800bf16e063524454adcaa3ec2,2022-05-13,4:46pm,1100 Broadway,CVL039145,Threats,cvpd,threats,39145,2022-05-13 16:46:00
3930,32.61741202,-117.07164779,10:47am,3d9ec76ec2b56694d68f490977ad4f5f,2022-05-13,10:47am,330 Moss St,,,cvpd,,nan,2022-05-13 10:47:00
3961,32.61740247,-117.07164915,10:36am,0fb403309da88ce677cb4b1fa96b11c8,2022-05-17,10:36am,1000 Jefferson Ave.,CVL40217,Burglary,cvpd,burglary,40217,2022-05-17 10:36:00
3984,32.61740324,-117.07164706,10:02am,2f4c6aeed220701365422f49dc93ec8f,2022-05-19,10:02am,1200 Broadway,CVL40869,Arson,cvpd,arson,40869,2022-05-19 10:02:00
4019,32.6178394,-117.091341,3:53pm,f2ded2c017e15c897661a335d7251f07,2022-05-23,3:53pm,I-5/ Main St.,CVL42144,Fire,cvpd,fire,42144,2022-05-23 15:53:00
4035,32.6098649,-117.0813317,10:43am,5d1ad1fb629b4712ab072fa56bfc5b6c,2022-05-24,10:43am,Broadway/ Naples St.,CVL42340,Suspicious Person,cvpd,suspicious person,42340,2022-05-24 10:43:00
4066,32.599303,-117.0912224,11:24am,21c69842120c678e3c6f5bd5bda29910,2022-05-26,11:24am,Bay Blvd./ Pacific Ave.,CVL42976,Fire,cvpd,fire,42976,2022-05-26 11:24:00
4099,32.6066251,-117.0829019,11:01am,6f206d8368f7b2e60e575e9c332820bc,2022-05-28,11:01am,1150 Broadway,L043619,Theft,cvpd,theft,43619,2022-05-28 11:01:00
4129,32.608699,-117.081237,6:00pm,e77d33504a2457e8d2ebd0c49338dbf5,2022-05-31,6:00pm,1130 Broadway,CVL44480,Subject Causing Disturbance,cvpd,subject causing disturbance,44480,2022-05-31 18:00:00
4151,32.61745746,-117.07165259,5:57pm,281fd9738a822db4ab84c99338dadfb1,2022-06-04,5:57pm,330 Moss St,,,cvpd,,nan,2022-06-04 17:57:00
4170,32.7160449,-117.1639757,2:44pm,80b7dd849ce828c776bbfb54672430b7,2022-06-06,2:44pm,1100 First Ave.,CVL46122,Missing Person At-Risk,cvpd,missing person at-risk,46122,2022-06-06 14:44:00
4245,32.6099128,-117.0816837,1:47pm,bdcb49e03feb5c392a0b64300f84b7bf,2022-06-14,1:47pm,1100 Broadway,CVL48357,Welfare Check,cvpd,welfare check,48357,2022-06-14 13:47:00
4284,32.6217551,-117.0370937,10:17am,27b6c7c9bbf8213cd31d97605283e60d,2022-06-17,10:17am,1200 Broadway,2207841,Robbery,cvpd,robbery,07841,2022-06-17 10:17:00
4285,32.6099128,-117.0816837,11:10am,6f0d59d6746b33d173485bbe372a62bb,2022-06-17,11:10am,1100 Broadway,049199,Welfare Check,cvpd,welfare check,49199,2022-06-17 11:10:00
4301,32.6174342,-117.07166928,6:22pm,38fb5754e18eac2c58e4549e4f93b571,2022-06-18,6:22pm,330 Moss St,L49579,Mental Health call,cvpd,mental health call,49579,2022-06-18 18:22:00
4337,32.6067906,-117.0800823,5:30pm,d1ebf6d65f557064bba7fa9fc7655acc,2022-06-21,5:30pm,600 Oxford St,CVL50478,Domestic Violence,cvpd,domestic violence,50478,2022-06-21 17:30:00
4341,32.6099128,-117.0816837,12:39pm,0f389bfb7ac8cb58cae4669902927f19,2022-06-21,12:39pm,1100 Broadway,CVL050397,Subject causing a disturbance,cvpd,subject causing a disturbance,50397,2022-06-21 12:39:00
4346,32.6066251,-117.0829019,6:31pm,f548949249ff9e4b28e09b9eae4660c9,2022-06-22,6:31pm,1150 Broadway,CVL50799,Subject causing disturbance,cvpd,subject causing disturbance,50799,2022-06-22 18:31:00
4354,32.6137711,-117.0898599,12:31pm,c3f516a8a5b1ada20c40b652ab2eaf30,2022-06-23,12:31pm,1000 Industrial Blvd,CVL051069,Suspicious circumstances,cvpd,suspicious circumstances,51069,2022-06-23 12:31:00
4369,32.6067906,-117.0800823,2:56pm,1a60d53114e76d6ebf22672c89c42c84,2022-06-25,2:56pm,600 Oxford St.,CVL51703,Welfare Check,cvpd,welfare check,51703,2022-06-25 14:56:00
4408,32.6067906,-117.0800823,11:25am,e6167364df3eeae45ac8f3b3fee9efae,2022-06-28,11:25am,600 Oxford St,CVL052460,Disturbance,cvpd,disturbance,52460,2022-06-28 11:25:00
4418,32.6067906,-117.0800823,5:54pm,d2d718d25087b042c1d2f612cdf43693,2022-06-29,5:54pm,600 Oxford St,CVL052929 ,Welfare Check,cvpd,welfare check,52929,2022-06-29 17:54:00
4420,32.611126,-117.092049,5:03pm,67b1004392c48e0983657f9e1c04006d,2022-06-29,5:03pm,1000 Bay Blvd,CVL052902,Subject causing a disturbance,cvpd,subject causing a disturbance,52902,2022-06-29 17:03:00
4438,32.6067906,-117.0800823,12:03pm,a6f32c63402217279e220df74929c66f,2022-06-30,12:03pm,600 Oxford St, CVL053146 ,Overdose,cvpd,overdose,53146,2022-06-30 12:03:00
4458,32.60659,-117.0844,6:23pm,ddb8dd4efeeccfabe77282c2d5eb8c7c,2022-07-03,6:23pm,670 Oxford St.,CVL54085,Fight ,cvpd,fight,54085,2022-07-03 18:23:00
4496,32.6099128,-117.0816837,1:53pm,ceaeba2686a8ba8af2081fddd1a95acc,2022-07-06,1:53pm,1100 Broadway,CVL054921,Domestic Violence ,cvpd,domestic violence,54921,2022-07-06 13:53:00
4568,32.6099128,-117.0816837,4:14pm,9d48ae4892b5d1e2c8cf79780907ef3b,2022-07-12,4:14pm,1100 Broadway,CVL056614,Subject causing a disturbance ,cvpd,subject causing a disturbance,56614,2022-07-12 16:14:00
4571,32.6099128,-117.0816837,12:50pm,e9f022dca999784b0ae6347b4f708540,2022-07-12,12:50pm,1100 Broadway,CVL056565,Subject causing disturbance ,cvpd,subject causing disturbance,56565,2022-07-12 12:50:00
4577,32.6067906,-117.0800823,4:41pm,f97fee80b2707366bc423879ac9a0d1a,2022-07-12,4:41pm,600 Oxford St,CVL056653,Subject causing a disturbance ,cvpd,subject causing a disturbance,56653,2022-07-12 16:41:00
4599,32.6067906,-117.0800823,12:49pm,c28b42ed096c29b4f3d706a9dd4685c2,2022-07-14,12:49pm,600 Oxford St,CVL057223,Fight ,cvpd,fight,57223,2022-07-14 12:49:00
4603,32.6102258,-117.0814539,7:14pm,3ba66e97765dc2bb7aa16fbcc68f18b7,2022-07-15,7:14pm,600 Naples St.,CVL57673,Trespassing,cvpd,trespassing,57673,2022-07-15 19:14:00
4638,32.60443,-117.088395,11:39am,731747c5b235fbd9f7968a9ec9d5cac1,2022-07-17,11:39am,800 Palomar St.,CVL58131,Suspicious Vehicle,cvpd,suspicious vehicle,58131,2022-07-17 11:39:00
4692,32.6091654,-117.081293,3:30pm,e13d163d4b64247c2d76eb5fdddea637,2022-07-21,3:30pm,1120 Broadway,CVL59403,Robbery Alarm,cvpd,robbery alarm,59403,2022-07-21 15:30:00
4709,32.6099128,-117.0816837,10:07am,3ccc7fdd113e8e62754d9fe3f6a08092,2022-07-22,10:07am,1100 Broadway,CVL59607,Suspicious Person,cvpd,suspicious person,59607,2022-07-22 10:07:00
4733,32.61744022,-117.0716558,5:16pm,258cbe27150c7f5463c7fcf274362d9d,2022-07-24,5:16pm,330 Moss St,,,cvpd,,nan,2022-07-24 17:16:00
4771,32.6067906,-117.0800823,11:48am,b082e41cb902176887aab44c40f8ee4a,2022-07-26,11:48am,600 Oxford St,CVL060766,Wanted Subject ,cvpd,wanted subject,60766,2022-07-26 11:48:00
4784,32.6104908,-117.0815869,2:29pm,173210d1463df72b32a4ce261e5eb864,2022-07-27,2:29pm,600 Naples ST,CVL061118,Subjects causing a disturbance ,cvpd,subjects causing a disturbance,61118,2022-07-27 14:29:00
4795,32.6067906,-117.0800823,4:46pm,d6bae2e2a5739655d7894b6f6d059cc9,2022-07-28,4:46pm,600 Oxford St, CVL061457,Disturbance ,cvpd,disturbance,61457,2022-07-28 16:46:00
4830,32.6031576,-117.0851599,11:26am,80e8c4c4c038eaa3fe4ed7a19baad662,2022-07-30,11:26am,1265 Industrial Blvd.,CVL62004,Subject with Gun,cvpd,subject with gun,62004,2022-07-30 11:26:00
4844,32.60659,-117.0844,11:57am,ca0fd727005d52e87677a4fc1f886cec,2022-07-31,11:57am,670 Oxford St.,CVL62308,Suspicious Person,cvpd,suspicious person,62308,2022-07-31 11:57:00
4858,32.6067906,-117.0800823,2:30pm,e9d00cff62290a02da163e7321eccda2,2022-08-01,2:30pm,600 Oxford St,CVL062622,Overdose ,cvpd,overdose,62622,2022-08-01 14:30:00
4894,32.6102258,-117.0814539,2:51pm,4eeb736085ae627a1c843710e8de1267,2022-08-03,2:51pm,600 Naples St,CVL063283,Welfare check ,cvpd,welfare check,63283,2022-08-03 14:51:00
4915,32.608699,-117.081237,11:29am,abd58c032e20be72b688db6fa8e37ae5,2022-08-05,11:29am,1130 Broadway,CVL63971,Traffic Hazard,cvpd,traffic hazard,63971,2022-08-05 11:29:00
4948,32.60659,-117.0844,10:14am,3499a813eb456452314cb3df8fe5525e,2022-08-07,10:14am,670 Oxford St.,CVL64540,Suspicious Person,cvpd,suspicious person,64540,2022-08-07 10:14:00
4995,32.6067906,-117.0800823,6:59pm,a4289e7a5025aa2bdc4d1f114d6767cd,2022-08-11,6:59pm,600 Oxford St,CVL066001,Overdose ,cvpd,overdose,66001,2022-08-11 18:59:00
5009,32.6099128,-117.0816837,12:51pm,725ed7e37c5cf8e33d23618c40547286,2022-08-11,12:51pm,1100 Broadway,CVL065896,Subject causing a disturbance ,cvpd,subject causing a disturbance,65896,2022-08-11 12:51:00
5024,32.60659,-117.0844,10:40am,591771b6c774e9b06cb0731e5189c834,2022-08-12,10:40am,670 Oxford St.,CVL66181 ,Wanted Subject,cvpd,wanted subject,66181,2022-08-12 10:40:00
5040,32.6031175,-117.0788158,4:31pm,ee5c3b64f8be3c353b219196dd893264,2022-08-14,4:31pm,600 Palomar St.,CVL66857,Unknown Problem,cvpd,unknown problem,66857,2022-08-14 16:31:00
5070,32.6217551,-117.0370937,5:33pm,47d6365c725ec8dc008e16f50a56504a,2022-08-16,5:33pm,1200 Broadway,CVL067512,Unknown problem ,cvpd,unknown problem,67512,2022-08-16 17:33:00
5086,32.6020498,-117.0851422,11:27am,35260c55201771ae190999ebc21289d0,2022-08-17,11:27am,700 Ada St,CVL067748,Missing person ,cvpd,missing person,67748,2022-08-17 11:27:00
5089,32.6099128,-117.0816837,12:23pm,68070437784976a12d5109d77f1613de,2022-08-17,12:23pm,1100 Broadway,CVL067755,Subject causing a disturbance ,cvpd,subject causing a disturbance,67755,2022-08-17 12:23:00
5111,32.61743438,-117.07166023,1:39pm,4e2f8c464e13eea7e82561bbd0d25265,2022-08-18,1:39pm,330 Moss St,,,cvpd,,nan,2022-08-18 13:39:00
5112,32.6102258,-117.0814539,7:19pm,ce55cf34d5c524f2d78bf5c50b350ed2,2022-08-19,7:19pm,600 Naples St.,CVL68549,Welfare Check,cvpd,welfare check,68549,2022-08-19 19:19:00
5167,32.603847,-117.0856467,11:16am,8aa72e24c69030454f1bac52e855d17c,2022-08-22,11:16am,1200 Industrial Blvd,CVL069320,Subject causing a disturbance ,cvpd,subject causing a disturbance,69320,2022-08-22 11:16:00
5202,32.6067906,-117.0800823,2:50pm,fa230311babd2fa93ce0cd280a645411,2022-08-24,2:50pm,600 Oxford St,CVL070005,Wanted  Subject ,cvpd,wantedsubject,70005,2022-08-24 14:50:00
5220,32.6067906,-117.0800823,2:10pm,00ba0c91dbf3abf4807ff727cb4b0d4d,2022-08-24,2:10pm,600 Oxford St,CVL070005,Wanted  Subject ,cvpd,wantedsubject,70005,2022-08-24 14:10:00
5234,32.6099128,-117.0816837,4:27pm,01f325320dba7914beb67d6edeb24bea,2022-08-25,4:27pm,1100 Broadway,CVL070328,Subject causing a disturbance ,cvpd,subject causing a disturbance,70328,2022-08-25 16:27:00
5273,32.6080588,-117.0925272,3:04pm,d073cc8c4296d67c93695c384c8fa06d,2022-08-28,3:04pm,1100 Bay Blvd.,CVL71262,Panic Alarm,cvpd,panic alarm,71262,2022-08-28 15:04:00
5295,32.6217551,-117.0370937,11:43am,b26768f39f314f27150c9e5dc6a7075a,2022-08-29,11:43am,1200 Broadway,CVL071498,Subject causing a disturbance ,cvpd,subject causing a disturbance,71498,2022-08-29 11:43:00
5328,32.6067906,-117.0800823,12:56pm,3569ebf8f25bb02d7d9ea734bea24004,2022-08-31,12:56pm,600 Oxford St, CVL072215,Subjects causing a disturbance ,cvpd,subjects causing a disturbance,72215,2022-08-31 12:56:00
5329,32.6099128,-117.0816837,11:33am,a6ad86d47200eb4c8fb2348ac2b7e368,2022-08-31,11:33am,1100 Broadway,CVL072198,Subject causing a disturbance ,cvpd,subject causing a disturbance,72198,2022-08-31 11:33:00
5358,32.6217551,-117.0370937,11:45am,e3bf22eb375cef476dea04a28bd7bcdc,2022-09-02,11:45am,1200 Broadway,CVL72877,Weapon Threat,cvpd,weapon threat,72877,2022-09-02 11:45:00
5359,32.6217551,-117.0370937,11:14am,9be307cce4a7446c21ec275bf2bb4967,2022-09-02,11:14am,1200 Broadway,CVL72877,Weapon Threat,cvpd,weapon threat,72877,2022-09-02 11:14:00
5385,32.6099128,-117.0816837,1:52pm,bedecb92bc1caad81e394c2d2d16aaa1,2022-09-04,1:52pm,1100 Broadway,CVL73527,Subjects Causing Disturbance,cvpd,subjects causing disturbance,73527,2022-09-04 13:52:00
5391,32.608699,-117.081237,11:52am,c73fac714a2f5eeb37f644198758c1e5,2022-09-04,11:52am,1130 Broadway,CVL73496,Welfare Check,cvpd,welfare check,73496,2022-09-04 11:52:00
5398,32.6217551,-117.0370937,4:39pm,d13bf19a8c7d8f191fd7e3675c2dacfa,2022-09-05,4:39pm,1200 Broadway,CVL073836,Battery ,cvpd,battery,73836,2022-09-05 16:39:00
5431,32.6067906,-117.0800823,5:56pm,fd4b1b7419e115954e6949e03e639784,2022-09-07,5:56pm,600 Oxford St,CVL074498,Subject causing a disturbance ,cvpd,subject causing a disturbance,74498,2022-09-07 17:56:00
5482,32.6099128,-117.0816837,1:05pm,3a3470d871b9c30c4c28f72cc13546b4,2022-09-11,1:05pm,1100 Broadway,CVL75644,Welfare Check,cvpd,welfare check,75644,2022-09-11 13:05:00
5557,32.6034228,-117.0837523,12:58pm,5f6fe160211c7e5a44d6ff03a4fe759b,2022-09-16,12:58pm,670 Palomar St.,CVL77129,Subject Causing Disturbance,cvpd,subject causing disturbance,77129,2022-09-16 12:58:00
5561,32.6066251,-117.0829019,2:26pm,5a71cb0caa5c7b506750f97ea3dd1479,2022-09-16,2:26pm,1150 Broadway,CVL77149,Subject Causing Disturbance,cvpd,subject causing disturbance,77149,2022-09-16 14:26:00
5613,32.715606,-117.1536308,6:18pm,b46212214adb380db2aca39a1b2a4100,2022-09-19,6:18pm,1000 Broadway,CVL078019,Trespassing ,cvpd,trespassing,78019,2022-09-19 18:18:00
5623,32.6067906,-117.0800823,4:56pm,7b46fc9c4948875686ac01109cf9a0e0,2022-09-19,4:56pm,600 Oxford St,CVL077995,Subject causing a disturbance ,cvpd,subject causing a disturbance,77995,2022-09-19 16:56:00
5659,32.6217551,-117.0370937,4:20pm,8f9747807ca6de134112fc28bb0043a6,2022-09-22,4:20pm,1200 Broadway,CVL078898,Grand Theft ,cvpd,grand theft,78898,2022-09-22 16:20:00
5705,32.6023583,-117.0924666,11:46am,cdf8ab21d129c6806c84ac25a73be48e,2022-09-25,11:46am,1400 Bay Blvd.,CVL79654,Suspicious Circumstances,cvpd,suspicious circumstances,79654,2022-09-25 11:46:00
5719,32.6099128,-117.0816837,11:17am,0e3a92d6f22fd6beca215b37a42ea387,2022-09-26,11:17am,1100 Broadway,CVL079955,Traffic Collision ,cvpd,traffic collision,79955,2022-09-26 11:17:00
5759,32.6099128,-117.0816837,5:11pm,ae6c2b6a96deea9e622caf2b24892c4a,2022-09-29,5:11pm,1100 Broadway,CVL080895,Subject causing a disturbance ,cvpd,subject causing a disturbance,80895,2022-09-29 17:11:00
5760,32.60443,-117.088395,4:31pm,45ad16c9fee6ada1a026bc3636195e45,2022-09-29,4:31pm,800 Palomar St,CVL080882,Domestic Violence ,cvpd,domestic violence,80882,2022-09-29 16:31:00
5761,32.60443,-117.088395,4:13pm,1d56535916d1dac8d81eb6f765b68097,2022-09-29,4:13pm,800 Palomar St,CVL080882,Domestic Violence ,cvpd,domestic violence,80882,2022-09-29 16:13:00
5784,32.6067906,-117.0800823,1:22pm,67f0516a61e4537b465a6c678ac5e9bb,2022-09-30,1:22pm,600 Oxford St.,CVL81170,Assault with Deadly Weapon,cvpd,assault with deadly weapon,81170,2022-09-30 13:22:00
5786,32.6031175,-117.0788158,3:42pm,d0bc78f426b8bd0454560f7282fc5a5a,2023-01-02,3:42pm,600 Palomar St,CVL000387,Theft ,cvpd,theft,00387,2023-01-02 15:42:00
5787,32.6099128,-117.0816837,3:12pm,d2df969c19ec10089ce2a01239467397,2023-01-02,3:12pm,1100 Broadway,CVL000379,Fight ,cvpd,fight,00379,2023-01-02 15:12:00
5805,32.6066251,-117.0829019,3:19pm,cb730fd92d30dba99dd5f1a832556d50,2023-01-06,3:19pm,1150 Broadway,CVL01566,Stolen Vehicle,cvpd,stolen vehicle,01566,2023-01-06 15:19:00
5831,32.6099128,-117.0816837,12:07pm,e8d53bcb4dc54cd87f36e028470fce30,2023-01-08,12:07pm,1100 Broadway,CVL02079,Fire,cvpd,fire,02079,2023-01-08 12:07:00
5835,32.6217551,-117.0370937,11:12am,34e51c4ead9a68aefcec55f2b4667f50,2023-01-08,11:12am,1200 Broadway,CVL02074,Fire,cvpd,fire,02074,2023-01-08 11:12:00
5915,32.6099128,-117.0816837,3:00pm,106f19010f3c685887075859301007eb,2023-01-16,3:00pm,1100 Broadway,CVL004419,Suspicious Person,cvpd,suspicious person,04419,2023-01-16 15:00:00
5942,32.6086068,-117.0875772,12:41pm,33bd00adc99cc3849633dc2768b04aff,2023-01-18,12:41pm,1100 Indrustrial Blvd,cvl004945,Check the area,cvpd,check the area,04945,2023-01-18 12:41:00
5979,32.6136921,-117.0699224,4:03pm,8514263fa87b451e63e6085004bf8a99,2023-01-21,4:03pm,1094 Third Ave.,CVL05816,Fight,cvpd,fight,05816,2023-01-21 16:03:00
5984,32.6067906,-117.0800823,11:39am,63a7a24e69fff5921ea2cb42639bb267,2023-01-21,11:39am,600 Oxford St.,CVL05767,Welfare Check,cvpd,welfare check,05767,2023-01-21 11:39:00
6002,32.6209868,-117.0942489,4:07pm,ce44882ea3a9d429b5d4a6aa0995a709,2023-01-22,4:07pm,Bay Blvd./ Pacific St.,CVL06101,Unknown Problem,cvpd,unknown problem,06101,2023-01-22 16:07:00
6055,32.603847,-117.0856467,7:49am,a78d56d70f39ab8e05b706140f55b62e,2023-01-26,7:49am,1200 Industrial Blvd.,CVL07253,Subject Causing Disturbance,cvpd,subject causing disturbance,07253,2023-01-26 07:49:00
6076,32.6047624,-117.0810631,2:33pm,4af5ccd69ac7e519e15430291b5c0a65,2023-01-27,2:33pm,1240 Broadway,CVL07705,Theft,cvpd,theft,07705,2023-01-27 14:33:00
6105,32.608699,-117.081237,11:48am,f17c9a2330026b0dd9f2a0b47437e792,2023-01-28,11:48am,1130 Broadway,CVL07998,Suspicious Person,cvpd,suspicious person,07998,2023-01-28 11:48:00
6156,32.608699,-117.081237,10:20am,d2435c483417deda06f6c3422b81fdeb,2023-02-01,10:20am,1130 Broadway,CVL009161,Narcotics ,cvpd,narcotics,09161,2023-02-01 10:20:00
6165,32.6090119,-117.08782,11:17am,5d33ef84954002956601ca1c3cf66ec2,2023-02-02,11:17am,1100 Industrial Blvd,CV2301500,Wanted subject ,cvpd,wanted subject,01500,2023-02-02 11:17:00
6197,32.6028944,-117.0850632,3:28pm,148a4daeee62c0ad0da189243d43debd,2023-02-04,3:28pm,1265 Industrial Bl,CVL10301,Evaluation Found Property,cvpd,evaluation found property,10301,2023-02-04 15:28:00
6267,32.6067906,-117.0800823,4:35pm,5299a24e0c3e1e6e7b53d0bac32c5b7f,2023-02-08,4:35pm,600 Oxford St,CVL011498,Stolen vehicle ,cvpd,stolen vehicle,11498,2023-02-08 16:35:00
6332,32.60443,-117.088395,4:58pm,b87292a29ecc524326e91feb696ccb41,2023-02-12,4:58pm,800 Palomar St.,CVL12761,Welfare Check,cvpd,welfare check,12761,2023-02-12 16:58:00
6341,32.6047624,-117.0810631,1:48pm,b09e5ff3678ed3241075b1ee50e80e76,2023-02-12,1:48pm,1240 Broadway,CVL12728,Theft,cvpd,theft,12728,2023-02-12 13:48:00
6389,32.61744502,-117.07169159,11:08am,75dae72ca0531416b5e8c8cd8d05ec8b,2023-02-15,11:08am,330 Moss St,,,cvpd,,nan,2023-02-15 11:08:00
6390,32.6066251,-117.0829019,11:28am,eaaa9207fbbeb17f0e0fe07d3410c428,2023-02-15,11:28am,1150 Broadway,CVL013614,Welfare Check,cvpd,welfare check,13614,2023-02-15 11:28:00
6412,32.60443,-117.088395,1:21pm,b044a403313aedbad083d6d71751b0e1,2023-02-17,1:21pm,800 Palomar St.,CVL14343,Suspicious Person,cvpd,suspicious person,14343,2023-02-17 13:21:00
6419,32.6066251,-117.0829019,12:54pm,ef54e49d0a67dcba712230f6c13761c9,2023-02-17,12:54pm,1150 Broadway,CVL14337,Suspicious Person,cvpd,suspicious person,14337,2023-02-17 12:54:00
6474,32.61739262,-117.07168224,9:35am,954a8d2fb70cd67021781b3a0ac78e76,2023-02-24,9:35am,900 Fourth,CVL016552,Assault,cvpd,assault,16552,2023-02-24 09:35:00
6553,32.6025992,-117.0775235,12:49pm,8357db97a3a53ad8ebcaa77aebd1a40e,2023-03-04,12:49pm,1355 Broadway,CVL19090,Weapon Threat,cvpd,weapon threat,19090,2023-03-04 12:49:00
6556,32.6098649,-117.0813317,11:06am,73b14613043d244855bee84d72a7f766,2023-03-04,11:06am,Broadway/ Naples St.,CVL19066,Subject Causing Disturbance,cvpd,subject causing disturbance,19066,2023-03-04 11:06:00
6559,32.6047624,-117.0810631,4:50pm,1fd7233a55dd8065f9994fdddae32009,2023-03-05,4:50pm,1240 Broadway,CVL19365,Vandalism,cvpd,vandalism,19365,2023-03-05 16:50:00
6566,32.6067906,-117.0800823,10:53am,f7d533f68d74b8f8e580b942f007a1f5,2023-03-05,10:53am,600 Oxford St.,CVL19300,Welfare Check,cvpd,welfare check,19300,2023-03-05 10:53:00
6570,32.603989,-117.0856962,7:44am,fdec655c9788f1c537e969a17800208d,2023-03-05,7:44am,Industrial Blvd./ Palomar St.,CVL19273,Stolen Vehicle,cvpd,stolen vehicle,19273,2023-03-05 07:44:00
6607,32.6067906,-117.0800823,9:52am,8a925d297d63315cfd7083415f470a6e,2023-03-07,9:52am,600 Oxford St,CVL019823,Threats ,cvpd,threats,19823,2023-03-07 09:52:00
6611,32.603989,-117.0856962,5:06pm,078752cd0b1435d02cf9696d33ab54ef,2023-03-08,5:06pm,Palomar St/ Industrial Blvd,CVL020307,Person down ,cvpd,person down,20307,2023-03-08 17:06:00
6616,32.6066251,-117.0829019,2:38pm,6bc4d448dbb3563aad303e0ce92d083e,2023-03-08,2:38pm,1150 Broadway,CVL020239,Subject causing a disturbance ,cvpd,subject causing a disturbance,20239,2023-03-08 14:38:00
6654,32.6102258,-117.0814539,1:02pm,e981d93786ec0a13bd790fb61e4609dc,2023-03-11,1:02pm,600 Naples St.,CVL21092,Unknown Problem,cvpd,unknown problem,21092,2023-03-11 13:02:00
6697,32.6045719,-117.0923463,5:25pm,a796f091efc89f0685763f1c4e938df7,2023-03-17,5:25pm,Bay Blvd./ Palomar St.,CVL23007,Welfare Check,cvpd,welfare check,23007,2023-03-17 17:25:00
6720,32.6067906,-117.0800823,3:22pm,e9c130b9c2765e0d3553804c5915fbde,2023-03-18,3:22pm,600 Oxford St.,CVL23251,Welfare Check,cvpd,welfare check,23251,2023-03-18 15:22:00
6742,32.603989,-117.0856962,9:05am,6b7c336377d11429b0c695fd3f542d62,2023-03-19,9:05am,Industrial Blvd./ Palomar St.,CVL23445,Collision,cvpd,collision,23445,2023-03-19 09:05:00
6765,32.6348433,-117.0889494,5:36pm,dee9005a4911f8e2fd9c46179f8154a7,2023-03-24,5:36pm,400 Smith Ave.,CVL25005,Unknown Problem,cvpd,unknown problem,25005,2023-03-24 17:36:00
6775,32.6063724,-117.0857519,2:18pm,f43bf8298441b50fce54a0242c2d6c07,2023-03-24,2:18pm,690 Oxford St.,CVL24936,Weapon Threat,cvpd,weapon threat,24936,2023-03-24 14:18:00
6801,32.6154199,-117.0901313,3:43pm,d108d8467c5ee685ec2b1ae0333bfa88,2023-03-26,3:43pm,Industrial Blvd./ L St.,CVL25500,Unknown Problem,cvpd,unknown problem,25500,2023-03-26 15:43:00
6861,32.6031175,-117.0788158,5:43pm,8bda9ad86a7c213d7d38a89c2e49ef73,2023-03-31,5:43pm,600 Palomar St.,CVL27022,Suspicious Circumstances,cvpd,suspicious circumstances,27022,2023-03-31 17:43:00
6906,32.60443,-117.088395,4:26pm,246f5d761a1747868b6f518e76f09964,2023-04-01,4:26pm,800 Palomar St.,CVL27283,Stolen Vehicle,cvpd,stolen vehicle,27283,2023-04-01 16:26:00
6907,32.60443,-117.088395,4:49pm,bef74aad46c71dd8407531a0e19b8a19,2023-04-01,4:49pm,800 Palomar St.,CVL27283,Stolen Vehicle,cvpd,stolen vehicle,27283,2023-04-01 16:49:00
6980,32.6217551,-117.0370937,8:31pm,fa64ac29950dceeff9aa8d9a68dbdaf5,2023-04-07,8:31pm,1200 Broadway,CVL29306,Domestic Violence,cvpd,domestic violence,29306,2023-04-07 20:31:00
7011,32.6099128,-117.0816837,2:05pm,0e906308dc5947ceb6b3de9f34ac4a5d,2023-04-08,2:05pm,1100 Broadway,CVL29488,LoJack,cvpd,lojack,29488,2023-04-08 14:05:00
7028,32.6066251,-117.0829019,4:42pm,01601f39ed6fe8d07f4a434f55328739,2023-04-10,4:42pm,1150 Broadway,CVL030086,Subject causing a disturbance ,cvpd,subject causing a disturbance,30086,2023-04-10 16:42:00
7043,32.6067906,-117.0800823,3:43pm,160841ce20214f7d22f45af461f8b9bc,2023-04-11,3:43pm,600 Oxford St,CVL030400,Welfare Check ,cvpd,welfare check,30400,2023-04-11 15:43:00
7046,32.6084579,-117.0614335,12:51pm,10a08c3897da18cd6adaa5a4bdf5be6a,2023-04-11,12:51pm,Palomar St/ I-5,CVL030336,Traffic Collision ,cvpd,traffic collision,30336,2023-04-11 12:51:00
7072,32.6031576,-117.0851599,6:16pm,69ea60b91fc21e57168d7ee19235a497,2023-04-14,6:16pm,1265 Industrial Blvd.,CVL31428,Subject Causing Disturbance,cvpd,subject causing disturbance,31428,2023-04-14 18:16:00
7080,32.60443,-117.088395,5:05pm,15d4068a5167da7b9827958970a5d600,2023-04-14,5:05pm,800 Palomar St.,CVL31420,Hit and Run,cvpd,hit and run,31420,2023-04-14 17:05:00
7126,32.6031175,-117.0788158,6:44pm,3d31096652a211e45ecab0af9d769478,2023-04-16,6:44pm,600 Palomar,CVL31951,Theft,cvpd,theft,31951,2023-04-16 18:44:00
7129,32.6031175,-117.0788158,8:19pm,ca93eda61d84c7b30303cda048991d52,2023-04-16,8:19pm,600 Palomar,CVL31978,Assault with a Deadly Weapon,cvpd,assault with a deadly weapon,31978,2023-04-16 20:19:00
7131,32.6031175,-117.0788158,7:23pm,2fc27a5e43577f8f6681c1544d1a0934,2023-04-16,7:23pm,600 Palomar,CVL31951,Theft,cvpd,theft,31951,2023-04-16 19:23:00
7144,32.6104908,-117.0815869,12:00pm,c4bfe8ac40172d6cd0ba94c89e7ac4d0,2023-04-17,12:00pm,600 NAPLES ST,32127,SUB USING NARCO NEAR SCHOOL,cvpd,sub using narco near school,32127,2023-04-17 12:00:00
7145,32.6104908,-117.0815869,11:41am,5d3f5bf2cab5461a79e46127b262ca0b,2023-04-17,11:41am,600 NAPLES ST,32127,SUB USING NARCO IN FRONT OF SCHOOL,cvpd,sub using narco in front of school,32127,2023-04-17 11:41:00
7170,32.6067906,-117.0800823,3:35pm,b6bd25fcfab1e11a371b0b8aa13a2ef2,2023-04-18,3:35pm,600 Oxford St,CVL032542,Welfare Check ,cvpd,welfare check,32542,2023-04-18 15:35:00
7192,32.6066251,-117.0829019,5:26pm,98ffd72a6ad1680379112543dca02276,2023-04-20,5:26pm,1150 Broadway,CVL033154,Subject causing a person ,cvpd,subject causing a person,33154,2023-04-20 17:26:00
7223,32.6024763,-117.0828099,12:21pm,c21a46f59e40e33fc2c3a8113f4db153,2023-04-21,12:21pm,600 Oxford St.,CVL33503,Welfare Check,cvpd,welfare check,33503,2023-04-21 12:21:00
7240,32.6098649,-117.0813317,10:53am,5849f5d35e01134c372e1c2924b191fd,2023-04-22,10:53am,Broadway/ Naples St.,CVL33806,Suspicious Person,cvpd,suspicious person,33806,2023-04-22 10:53:00
7292,32.6060886,-117.0825757,11:32am,f16db41cd92c67dd83b18c28da54359e,2023-04-24,11:32am,643 OXFORD,CV0L34343,911 CHRONIC CALLER,cvpd,911 chronic caller,34343,2023-04-24 11:32:00
7322,32.6099128,-117.0816837,3:04pm,a7c1007b27c521cc37ad3e9c69bdd4a4,2023-04-26,3:04pm,1100 Broadway,L035087,Disturbance,cvpd,disturbance,35087,2023-04-26 15:04:00
7362,32.6049295,-117.0885329,9:11am,70682cfd50606e558e76270cdc7e559c,2023-04-28,9:11am,1180 Walnut Ave.,CVL35598,Suspicious Person ,cvpd,suspicious person,35598,2023-04-28 09:11:00
7389,32.6066251,-117.0829019,11:54am,6d11ae3396589ecb5453434e8cfcdfd8,2023-04-29,11:54am,1150 Broadway,CVL35986,Welfare Check,cvpd,welfare check,35986,2023-04-29 11:54:00
7407,32.6020498,-117.0851422,3:32pm,72f5a4a2f5b393448d9c84cd39b846bf,2023-04-30,3:32pm,700 Ada St,CVL36293,Welfare Check,cvpd,welfare check,36293,2023-04-30 15:32:00
7417,32.6052545,-117.0840511,12:11pm,e78a872fc8d78adf5c943b6f6c1f48d1,2023-05-01,12:11pm,687 Palomar St,CVL036508,Welfare Check,cvpd,welfare check,36508,2023-05-01 12:11:00
7502,32.6102258,-117.0814539,4:07pm,920b1e3a33690131969bf9196751a85e,2023-05-08,4:07pm,600 Naples St,CVL038652,Missing Child ,cvpd,missing child,38652,2023-05-08 16:07:00
7580,32.6105634,-117.0809942,8:06pm,cdd0ae91e18fcdbf0763f329d61bb74a,2023-05-13,8:06pm,1097 Broadway,CVL40329,Welfare Check,cvpd,welfare check,40329,2023-05-13 20:06:00
7586,32.6288241,-117.0921467,3:53pm,48a80d6c4c49d1ddb64c79a6c25e66fe,2023-05-13,3:53pm,00 Oaklawn Ave.,CVL40256,Stolen Vehicle,cvpd,stolen vehicle,40256,2023-05-13 15:53:00
7596,32.60443,-117.088395,9:39am,ee8622ede37f4ec471b8ef71a1422fc7,2023-05-13,9:39am,800 Palomar St.,CVL40194,Assault with Deadly Weapon,cvpd,assault with deadly weapon,40194,2023-05-13 09:39:00
7604,32.6067906,-117.0800823,8:15pm,b09e4a14ccb554b9d2a785fbb57fe063,2023-05-14,8:15pm, 600 Oxford St,CVL040596,Check the area,cvpd,check the area,40596,2023-05-14 20:15:00
7650,32.6080588,-117.0925272,4:24pm,e683c05041a4245ee90f88edae82c5fc,2023-05-16,4:24pm,1100 Bay Blvd,CVL041173,Argument ,cvpd,argument,41173,2023-05-16 16:24:00
7713,32.6042281,-117.0880386,10:05am,d26ab543ad50004a57bceae98918b423,2023-05-19,10:05am,Palomar St./ Walnut Ave.,CVL42087,LoJack,cvpd,lojack,42087,2023-05-19 10:05:00
7725,32.6031175,-117.0788158,10:09pm,ea83e363f32a4cac50eeff5c5b61090f,2023-05-20,10:09pm,600 Palomar St.,CVL42536,Failure to Yield,cvpd,failure to yield,42536,2023-05-20 22:09:00
7727,32.608699,-117.081237,6:28pm,fc8ebb2a1dc70723b4752471fa631700,2023-05-20,6:28pm,1130 Broadway,CVL42478,Robbery,cvpd,robbery,42478,2023-05-20 18:28:00
7735,32.6067906,-117.0800823,3:09pm,db0347a7d01e148985a11183663dc421,2023-05-20,3:09pm,600 Oxford St.,CVL42451,Fire,cvpd,fire,42451,2023-05-20 15:09:00
7762,32.6035137,-117.0796159,12:39pm,3710c8bae5af9e9923542efb68b94b1a,2023-05-22,12:39pm,Palomar St/ Broadway,CVL042977,Suspicious Circumstances ,cvpd,suspicious circumstances,42977,2023-05-22 12:39:00
7777,32.6066251,-117.0829019,2:32pm,915d875447695b5fa3674c6945c3766e,2023-05-23,2:32pm,1150 Broadway,CVL043384,Fight ,cvpd,fight,43384,2023-05-23 14:32:00
7780,32.6099128,-117.0816837,11:47am,c332ad7a0c83dd63c18707036c5ed9db,2023-05-23,11:47am,1100 Broadway,CVL043318,Subject causing a disturbance ,cvpd,subject causing a disturbance,43318,2023-05-23 11:47:00
7803,32.7166639,-117.1610972,4:48pm,b35b7b5dba0d4d3b1c8eeb489a09122f,2023-05-25,4:48pm,1000 Fourth Ave,CVL044102,Suspicious circumstances ,cvpd,suspicious circumstances,44102,2023-05-25 16:48:00
7809,32.6099128,-117.0816837,12:25pm,db174fdae65ec612dcc971f5a9257f90,2023-05-25,12:25pm,1100 Broadway ,CVL044010,Narcotics ,cvpd,narcotics,44010,2023-05-25 12:25:00
7842,32.6031576,-117.0851599,7:12pm,cf238f7d241252d06534513cc7c6231f,2023-05-27,7:12pm,1265 Industrial Blvd.,CVL44729,Suspicious Person,cvpd,suspicious person,44729,2023-05-27 19:12:00
7897,32.6032942,-117.0786993,10:18am,1fff9a2ec69de0a2682416c1fc61204c,2023-05-29,10:18am,1300 Broadway,CVL 045171,Traffic Hazard,cvpd,traffic hazard,45171,2023-05-29 10:18:00
7918,32.5990017,-117.0853611,9:51am,d224a765f8903118fc882ef8d16c0a38,2023-05-31,9:51am,700 Belvia Ln,CVL045820,Wanted Subject ,cvpd,wanted subject,45820,2023-05-31 09:51:00
7964,32.6031175,-117.0788158,1:45pm,70a395fb751e8e831167aaace1e72748,2023-06-03,1:45pm, 600 Palomar St,CVL046901,Assault with a deadly weapon,cvpd,assault with a deadly weapon,46901,2023-06-03 13:45:00
8006,32.6085595,-117.0874666,2:52pm,93df49c8dd439b9ea52421294b10fb7e,2023-06-05,2:52pm,Naples St/ Industrial Blvd,CVL047557,Fight ,cvpd,fight,47557,2023-06-05 14:52:00
8074,32.61740484,-117.07165579,1:33pm,80ce2cd4184a95ef689b7ef5f7ba4bc4,2023-06-10,1:33pm,1000 Jefferson Ave.,CVL49078,Unknown Problem,cvpd,unknown problem,49078,2023-06-10 13:33:00
8185,32.6105634,-117.0809942,6:16pm,6e751300efca70cde21b5a6e2b1407e3,2023-06-17,6:16pm,1097 Broadway,CVL51221,Robbery,cvpd,robbery,51221,2023-06-17 18:16:00
8215,32.6024763,-117.0828099,2:14pm,ed1ca7d94d5ba62b8bd3a0e02f2f79f8,2023-06-18,2:14pm,660 Palomar St.,CVL51439,Unknown Problem,cvpd,unknown problem,51439,2023-06-18 14:14:00
8257,32.6081068,-117.0761732,7:07pm,60925900e2f539065dce9df5ad14afd8,2023-06-22,7:07pm,500 Oxford St,CVL052771,Narcotics ,cvpd,narcotics,52771,2023-06-22 19:07:00
8272,32.6091654,-117.081293,9:01pm,ec25a4f491e2d0b33dc85e7106a27ddb,2023-06-23,9:01pm,1120 Broadway,CVL53118,Fight ,cvpd,fight,53118,2023-06-23 21:01:00
8301,32.6053981,-117.0658675,9:07am,d8b282d5364fbd11c9c43e9585f716ce,2023-06-24,9:07am,1340 Third Ave.,CVL53231,Welfare Check,cvpd,welfare check,53231,2023-06-24 09:07:00
8327,32.6031175,-117.0788158,12:44pm,0c37eff76a683afe33f347cca33ab448,2023-06-25,12:44pm,600 Palomar St.,CVL53584,Suspicious Person,cvpd,suspicious person,53584,2023-06-25 12:44:00
8333,32.715606,-117.1536308,3:06pm,59262bdaa54260398e6274abda10503d,2023-06-26,3:06pm,1000 Broadway,CVL053887,Subject causing a disturbance ,cvpd,subject causing a disturbance,53887,2023-06-26 15:06:00
8343,32.6099128,-117.0816837,7:00pm,3910bd861e9a26b8b9c00cbc7a22a4d7,2023-06-27,7:00pm,1100 Broadway,CVL054246,Indecent Exposure ,cvpd,indecent exposure,54246,2023-06-27 19:00:00
8376,32.715606,-117.1536308,11:56am,5eb4d2228728a5db463a3effd123668a,2023-06-29,11:56am,1000 Broadway  ,CVL054781,Battery ,cvpd,battery,54781,2023-06-29 11:56:00
8390,32.6031467,-117.0879353,5:05pm,d8a3b0f6ee7090d0298be6fdf537021a,2023-06-30,5:05pm,1225 Frontage Rd.,CVL55132,Suspicious Person,cvpd,suspicious person,55132,2023-06-30 17:05:00
8399,32.6033874,-117.0905886,10:49am,a749e7c322c80e10a4ee0e88013de276,2023-06-30,10:49am,800 Stella St.,CVL55053,Welfare Check,cvpd,welfare check,55053,2023-06-30 10:49:00
8417,32.6003974,-117.0889996,12:53pm,6047a5a98e5afece396141971a380941,2023-07-01,12:53pm,1500 Frontage Rd.,CVL55434 ,Welfare Check,cvpd,welfare check,55434,2023-07-01 12:53:00
8441,32.6050707,-117.0725537,2:54pm,0bf0f60ab3a24e6ed7d0201a3a207fea,2023-07-03,2:54pm,Palomar Street/ Broadway,L056074,Subjects blocking traffic,cvpd,subjects blocking traffic,56074,2023-07-03 14:54:00
8444,32.603989,-117.0856962,9:56am,65211779e097a0c91b654ffedd6a1506,2023-07-03,9:56am,700 Palomar St,CVL055970,Pedestrian Stop ,cvpd,pedestrian stop,55970,2023-07-03 09:56:00
8451,32.6067906,-117.0800823,1:35pm,13fb0cfe597b061ab81d492b4cb7740d,2023-07-03,1:35pm,600 Oxford St,CVL056059,Narcotics ,cvpd,narcotics,56059,2023-07-03 13:35:00
8464,32.6031175,-117.0788158,1:45pm,9a6e7f7d1ff5609aff57ca2ecde2e587,2023-07-04,1:45pm,600 Palomar St,L056339,Subject Threatening Others,cvpd,subject threatening others,56339,2023-07-04 13:45:00
8465,32.6099128,-117.0816837,12:49pm,6ce57c731461b1fb4f5221609545ca2b,2023-07-04,12:49pm,1100 Broadway,L056330,Burglary Alarm,cvpd,burglary alarm,56330,2023-07-04 12:49:00
8473,32.6099128,-117.0816837,5:37pm,cec5bec2dea82b5825cde4956401b2e9,2023-07-05,5:37pm,1100 Broadway,CVL056677,Subject causing a disturbance ,cvpd,subject causing a disturbance,56677,2023-07-05 17:37:00
8484,32.6099128,-117.0816837,12:14pm,2407f5e0cff0ded5762d323329a9d6b9,2023-07-05,12:14pm,1100 Broadway,L056633,Disorderly Subject,cvpd,disorderly subject,56633,2023-07-05 12:14:00
8496,32.603989,-117.0856962,3:11pm,219816121bf3f495f360a0f59b3bb635,2023-07-06,3:11pm,Industrial Blvd/ Palomar St,L056999,Weapon Threat,cvpd,weapon threat,56999,2023-07-06 15:11:00
8561,32.6031175,-117.0788158,5:32pm,9f61e78a3d657e86340bc3f852390f68,2023-07-10,5:32pm,600 Palomar Street,L058290,Fight,cvpd,fight,58290,2023-07-10 17:32:00
8581,32.6119685,-117.0821148,6:28pm,12451b2da4548078ba98d77257084ed0,2023-07-11,6:28pm,900 Fourth Ave/ 600 Crested Butte St,L058585/L058586,Fight/Drunk Driver,cvpd,fight/drunk driver,58586,2023-07-11 18:28:00
8601,32.6031175,-117.0788158,3:07pm,074d9ece349cc14c493dd0e4a2e91845,2023-07-12,3:07pm,600 Palomar St,L058845,Stolen Vehicle Located,cvpd,stolen vehicle located,58845,2023-07-12 15:07:00
8604,32.6031175,-117.0788158,2:31pm,2570ae7a77292faeac74e821a09e5493,2023-07-12,2:31pm,600 Palomar St,L058845,Located Stolen Vehicle,cvpd,located stolen vehicle,58845,2023-07-12 14:31:00
8654,32.6066251,-117.0829019,11:36am,aece4b21c55645a21dca93aa9d0270e1,2023-07-14,11:36am,1150 Broadway,CVL59413,Robbery,cvpd,robbery,59413,2023-07-14 11:36:00
8655,32.6047624,-117.0810631,11:53am,5b287f02fa75e3ecbf3915bab270a4c0,2023-07-14,11:53am,1240 Broadway,CVL59095,Wanted Subject,cvpd,wanted subject,59095,2023-07-14 11:53:00
8656,32.6024763,-117.0828099,3:38pm,3d63da931ab3281f27df39deb9cc33ce,2023-07-14,3:38pm,660 Palomar St.,CVL59462,Subject Causing Disturbance,cvpd,subject causing disturbance,59462,2023-07-14 15:38:00
8689,32.6032942,-117.0786993,11:11pm,ebd8f61003036264b57b913d53765354,2023-07-16,11:11pm,1300 Broadway,L060195,Disorderly Person,cvpd,disorderly person,60195,2023-07-16 23:11:00
8721,32.6031175,-117.0788158,11:22am,8ede021d0b11dcbbe7be4e1486303d53,2023-07-17,11:22am,600 Palomar St,L060338,Assault with Deadly Weapon,cvpd,assault with deadly weapon,60338,2023-07-17 11:22:00
8748,32.6031175,-117.0788158,10:15am,90137286e21dbf34f94bc3f6774d1ddd,2023-07-18,10:15am,600 Palomar St/ 500 Palomar St,L060644/ L060645,Assault/ Suspicious Person,cvpd,assault/ suspicious person,60645,2023-07-18 10:15:00
8793,32.6047714,-117.0879813,4:40pm,8fb9ff2ec7d24466ddbe85fda8f8dabd,2023-07-21,4:40pm,1187 Walnut Ave.,CVL61766,Assault with Deadly Weapon,cvpd,assault with deadly weapon,61766,2023-07-21 16:40:00
8797,32.6067906,-117.0800823,9:09am,11647cace6cd7cd53269cd028b36ea41,2023-07-21,9:09am,600 Oxford St.,CVL61654,Welfare Check,cvpd,welfare check,61654,2023-07-21 09:09:00
8804,32.6031175,-117.0788158,12:09pm,fbdea1313110ac87de2ae5a83f230430,2023-07-21,12:09pm,600 Palomar St.,CVL61706,Traffic Hazard,cvpd,traffic hazard,61706,2023-07-21 12:09:00
8828,32.6031175,-117.0788158,5:00pm,6d826d3cf33ae9689bde358152df45a2,2023-07-22,5:00pm,600 Palomar St.,CVL62063,Wanted Subject,cvpd,wanted subject,62063,2023-07-22 17:00:00
8839,32.6075709,-117.0852117,12:44pm,d40cdffdbf66252a726fcc7cb9bcb68b,2023-07-23,12:44pm,681 Naples St.,CVL62269,Suspicious Person,cvpd,suspicious person,62269,2023-07-23 12:44:00
8888,32.6090119,-117.08782,7:14pm,95bce893b3ec3f42d78e7bef066b2aee,2023-07-26,7:14pm,1100 Industrial Blvd,L063323,Public Indecency,cvpd,public indecency,63323,2023-07-26 19:14:00
8891,32.6090119,-117.08782,4:58pm,77ec946ccd80aecac52cdbe733b6104f,2023-07-26,4:58pm,1100 Industrial Blvd,L063283,Disorderly Person,cvpd,disorderly person,63283,2023-07-26 16:58:00
8921,32.6090119,-117.08782,11:29am,32201306eb8405f4fd30012e089259ca,2023-07-27,11:29am,1100 Industrial Bl,CVL063519,Weapon Threat,cvpd,weapon threat,63519,2023-07-27 11:29:00
8928,32.6091654,-117.081293,4:18pm,2db502c7f9338b4063536b99c19f0d6f,2023-07-28,4:18pm,1120 Broadway,CVL63922,Duress Alarm,cvpd,duress alarm,63922,2023-07-28 16:18:00
8947,32.6016798,-117.0934169,11:00pm,8a6e34472c7ac11fc519a104d2d9b23b,2023-07-29,11:00pm,1470 Bay Blvd.,CVL64384,Suspicious Circumstances,cvpd,suspicious circumstances,64384,2023-07-29 23:00:00
8967,32.6170985,-117.0841159,5:05pm,76264c84ea739587e3909d246a66eb70,2023-07-30,5:05pm,Broadway/ L St.,CVL64571,Suspicious Person,cvpd,suspicious person,64571,2023-07-30 17:05:00
8983,32.6067906,-117.0800823,3:42pm,07ac46af8b88a54d84242a7feeb12d6c,2023-07-30,3:42pm,600 Oxford St.,CVL64559,Suspicious Person,cvpd,suspicious person,64559,2023-07-30 15:42:00
9076,32.6046023,-117.0828099,5:00pm,92df01d7737eeebd8f8417012717266c,2023-08-04,5:00pm,657 Palomar St.,CVL66242,Robbery,cvpd,robbery,66242,2023-08-04 17:00:00
9079,32.6098649,-117.0813317,4:10pm,c5667e4fce621398b1a56c391fc6562f,2023-08-04,4:10pm,Broadway/ Naples St.,CVL66231,Suspicious Person,cvpd,suspicious person,66231,2023-08-04 16:10:00
9097,32.6066251,-117.0829019,10:24am,94ff44dedd1373541d45deb7dffcf52e,2023-08-05,10:24am,1150 Broadway,CVL66454,Welfare Check,cvpd,welfare check,66454,2023-08-05 10:24:00
9106,32.6031175,-117.0788158,10:00pm,a35eaf3e050a199aa69f0a37eaa50622,2023-08-06,10:00pm,600 Palomar St,L066853,Threats,cvpd,threats,66853,2023-08-06 22:00:00
9120,32.6067906,-117.0800823,10:18am,42e85c7bc8289ab28a4fa996553b021c,2023-08-06,10:18am,600 Oxford St.,CVL66727,Unknown Problem,cvpd,unknown problem,66727,2023-08-06 10:18:00
9178,32.6031175,-117.0788158,4:12pm,9a12c72e633ae6b928d761d61e9b8ed4,2023-08-08,4:12pm,600 Palomar St,CVL067484,Robbery,cvpd,robbery,67484,2023-08-08 16:12:00
9204,32.6217551,-117.0370937,12:55pm,1e571f71a175fdfe3fbb0fb44908f8d7,2023-08-10,12:55pm,1200 Broadway,CVL068115,assault,cvpd,assault,68115,2023-08-10 12:55:00
9209,32.603847,-117.0856467,7:53pm,50598d6b8b9de89c01d2e2a52c752701,2023-08-11,7:53pm,1200 Industrial Blvd.,CVL68558,Traffic Hazard,cvpd,traffic hazard,68558,2023-08-11 19:53:00
9216,32.6063724,-117.0857519,4:47pm,997a985396721ddcebc8aca23f13d13d,2023-08-11,4:47pm,690 Oxford St.,CVL68507,Collision ,cvpd,collision,68507,2023-08-11 16:47:00
9234,32.6066251,-117.0829019,4:49pm,e9b1a1ccb4413dde8197e4b8b94dba16,2023-08-12,4:49pm,1150 Broadway,CVL68765,Gas Leak/ Fire,cvpd,gas leak/ fire,68765,2023-08-12 16:49:00
9235,32.6066251,-117.0829019,4:54pm,deab8c670bf83a0752ba9d56da3b093b,2023-08-12,4:54pm,1150 Broadway,CVL68765,Gas Leak/ Fire,cvpd,gas leak/ fire,68765,2023-08-12 16:54:00
9239,32.6251437,-117.0690567,10:04pm,f6d1e8ed5e50dad84a0ccabb2b4098e2,2023-08-12,10:04pm,800 Second Ave.,CVL68839,Stolen Vehicle,cvpd,stolen vehicle,68839,2023-08-12 22:04:00
9297,32.61739597,-117.07165212,10:28am,0ef00aef44193db6c0d34f633568625a,2023-08-14,10:28am,1100 Walnut,CVL069263,Fight,cvpd,fight,69263,2023-08-14 10:28:00
9327,32.6217551,-117.0370937,6:37pm,8a83235cb80e675ed62e3334db29c274,2023-08-17,6:37pm,1200 Broadway,CVL070383,Disturbance-Person,cvpd,disturbance-person,70383,2023-08-17 18:37:00
9359,32.6003974,-117.0889996,5:47pm,e2f986e28a60ea469f69eeed42a33433,2023-08-19,5:47pm,1500 Frontage Rd.,CVL70952,Suspicious Vehicle,cvpd,suspicious vehicle,70952,2023-08-19 17:47:00
9363,32.6306967,-117.0895486,1:39pm,d325016a2d81531ce546f282ecc27a2a,2023-08-19,1:39pm,500 Broadway,CVL70910,Carjacking,cvpd,carjacking,70910,2023-08-19 13:39:00
9403,32.608699,-117.081237,8:31pm,3f577329fc4b09b82b929057199ea039,2023-08-25,8:31pm,1130 Broadway,CVL72818,Subject Causing Disturbance,cvpd,subject causing disturbance,72818,2023-08-25 20:31:00
9489,32.6217551,-117.0370937,6:59pm,2e40c0bd4401f65cd7ec10eb569dbcd2,2023-08-30,6:59pm,1200 Broadway,L074454,Robbery,cvpd,robbery,74454,2023-08-30 18:59:00
9494,32.6031175,-117.0788158,4:04pm,9583d59ec1a9ee74395fc8f372dfb2a1,2023-08-30,4:04pm,600 Palomar St,L074414,Domestic Violence,cvpd,domestic violence,74414,2023-08-30 16:04:00
9513,32.61741973,-117.07165772,5:15pm,49ca9886a160ba54a96aef96bd77f0c6,2023-08-31,5:15pm,1100 Broadway / 600 Palomar St,L074730 / L074731,Robbery / Assault,cvpd,robbery / assault,74731,2023-08-31 17:15:00
